Site,SITE_ID,Patch,Plot,Section,SampleType,Size_m2,Perimeter_m,ShapeRatio,Subsection,SubCode,Bag(g),Wet+BAG(g),Dry+BAG(g),RootsDryWeight(g),g/m2,Observations
RaggedIsland,RGI,1,1,Edge,AliveRoots,"1,203.25",222.61,5.405192938,*0-10,A,2.641,2.6619,2.6417,0.0007,0.239561,
RaggedIsland,RGI,1,1,Edge,DeadRoots,"1,203.25",222.61,5.405192938,*0-10,A,6.47,13.94,7.15,0.68,232.7164,
RaggedIsland,RGI,1,1,Edge,Necromass,"1,203.25",222.61,5.405192938,*0-10,A,2.6085,2.6823,2.6247,0.0162,5.544126,
RaggedIsland,RGI,1,1,Edge,AliveRoots,"1,203.25",222.61,5.405192938,*10-20,B,2.6191,2.7295,2.6516,0.0325,11.122475,
RaggedIsland,RGI,1,1,Edge,DeadRoots,"1,203.25",222.61,5.405192938,*10-20,B,6.45,34.83,9.15,2.7,924.021,
RaggedIsland,RGI,1,1,Edge,Necromass,"1,203.25",222.61,5.405192938,*10-20,B,2.6011,2.6209,2.6366,0.0355,12.149165,
RaggedIsland,RGI,1,1,Edge,AliveRoots,"1,203.25",222.61,5.405192938,*20-30,C,2.654,3.7095,2.8212,0.1672,57.220856,
RaggedIsland,RGI,1,1,Edge,DeadRoots,"1,203.25",222.61,5.405192938,*20-30,C,6.43,61.92,10.2,3.77,1290.2071,
RaggedIsland,RGI,1,1,Edge,Necromass,"1,203.25",222.61,5.405192938,*20-30,C,2.6333,2.7004,2.6479,0.0146,4.996558,
RaggedIsland,RGI,1,1,Inner,AliveRoots,"1,203.25",222.61,5.405192938,*0-10,A,2.5949,2.68,2.5959,0.001,0.34223,
RaggedIsland,RGI,1,1,Inner,DeadRoots,"1,203.25",222.61,5.405192938,*0-10,A,6.58,78.74,12.81,6.23,2132.0929,
RaggedIsland,RGI,1,1,Inner,Necromass,"1,203.25",222.61,5.405192938,*0-10,A,2.609,3.25,2.7609,0.1519,51.984737,
RaggedIsland,RGI,1,1,Inner,AliveRoots,"1,203.25",222.61,5.405192938,*10-20,B,2.6434,4.67,2.8746,0.2312,79.123576,
RaggedIsland,RGI,1,1,Inner,DeadRoots,"1,203.25",222.61,5.405192938,*10-20,B,6.56,102.8,12.4,5.84,1998.6232,
RaggedIsland,RGI,1,1,Inner,Necromass,"1,203.25",222.61,5.405192938,*10-20,B,2.6517,4.01,2.84,0.1883,64.441909,
RaggedIsland,RGI,1,1,Inner,AliveRoots,"1,203.25",222.61,5.405192938,*20-30,C,2.6366,3.41,2.701,0.0644,22.039612,
RaggedIsland,RGI,1,1,Inner,DeadRoots,"1,203.25",222.61,5.405192938,*20-30,C,6.54,56.6,10.18,3.64,1245.7172,
RaggedIsland,RGI,1,1,Inner,Necromass,"1,203.25",222.61,5.405192938,*20-30,C,2.6098,3.55,2.6729,0.0631,21.594713,
RaggedIsland,RGI,1,2,Edge,AliveRoots,"1,203.25",222.61,5.405192938,*0-10,A,2.5952,3.2389,2.6452,0.05,17.1115,
RaggedIsland,RGI,1,2,Edge,DeadRoots,"1,203.25",222.61,5.405192938,*0-10,A,6.4,25.57,8.35,1.95,667.3485,
RaggedIsland,RGI,1,2,Edge,Necromass,"1,203.25",222.61,5.405192938,*0-10,A,2.6002,2.8845,2.6459,0.0457,15.639911,
RaggedIsland,RGI,1,2,Edge,AliveRoots,"1,203.25",222.61,5.405192938,*10-20,B,2.5623,3.4432,2.6052,0.0429,14.681667,
RaggedIsland,RGI,1,2,Edge,DeadRoots,"1,203.25",222.61,5.405192938,*10-20,B,6.39,54.04,12.13,5.74,1964.4002,
RaggedIsland,RGI,1,2,Edge,Necromass,"1,203.25",222.61,5.405192938,*10-20,B,2.5989,2.8048,2.61,0.0111,3.798753,
RaggedIsland,RGI,1,2,Edge,AliveRoots,"1,203.25",222.61,5.405192938,*20-30,C,2.6021,3.523,2.6503,0.0482,16.495486,
RaggedIsland,RGI,1,2,Edge,DeadRoots,"1,203.25",222.61,5.405192938,*20-30,C,6.38,70.07,11.76,5.38,1841.1974,
RaggedIsland,RGI,1,2,Edge,Necromass,"1,203.25",222.61,5.405192938,*20-30,C,2.5853,3.1791,2.623,0.0377,12.902071,
RaggedIsland,RGI,1,2,Inner,AliveRoots,"1,203.25",222.61,5.405192938,*0-10,A,2.5596,10.2737,3.1899,0.6303,215.707569,
RaggedIsland,RGI,1,2,Inner,DeadRoots,"1,203.25",222.61,5.405192938,*0-10,A,6.47,49.19,8.89,2.42,828.1966,
RaggedIsland,RGI,1,2,Inner,Necromass,"1,203.25",222.61,5.405192938,*0-10,A,2.6141,7.1844,3.0083,0.3942,134.907066,
RaggedIsland,RGI,1,2,Inner,AliveRoots,"1,203.25",222.61,5.405192938,*10-20,B,2.63,4.9535,2.8312,0.2012,68.856676,"Extra bags, extra core"
RaggedIsland,RGI,1,2,Inner,DeadRoots,"1,203.25",222.61,5.405192938,*10-20,B,6.48,43.12,10.35,3.87,1324.4301,"Extra bags, extra core"
RaggedIsland,RGI,1,2,Inner,Necromass,"1,203.25",222.61,5.405192938,*10-20,B,2.6011,2.6209,2.6322,0.0311,10.643353,"Extra bags, extra core"
RaggedIsland,RGI,1,2,Inner,AliveRoots,"1,203.25",222.61,5.405192938,*20-30,C,2.5931,3.5902,2.6322,0.0391,13.381193,
RaggedIsland,RGI,1,2,Inner,DeadRoots,"1,203.25",222.61,5.405192938,*20-30,C,6.5,83.55,12.01,5.51,1885.6873,
RaggedIsland,RGI,1,2,Inner,Necromass,"1,203.25",222.61,5.405192938,*20-30,C,2.6045,3.2153,2.6555,0.051,17.45373,
RaggedIsland,RGI,1,3,Edge,AliveRoots,"1,203.25",222.61,5.405192938,*0-10,A,0,0,0,0,0,
RaggedIsland,RGI,1,3,Edge,DeadRoots,"1,203.25",222.61,5.405192938,*0-10,A,2.6103,5.88,2.8701,0.2598,88.911354,
RaggedIsland,RGI,1,3,Edge,Necromass,"1,203.25",222.61,5.405192938,*0-10,A,2.5748,2.99,2.634,0.0592,20.260016,
RaggedIsland,RGI,1,3,Edge,AliveRoots,"1,203.25",222.61,5.405192938,*10-20,B,2.5971,2.71,2.5992,0.0021,0.718683,
RaggedIsland,RGI,1,3,Edge,DeadRoots,"1,203.25",222.61,5.405192938,*10-20,B,6.57,48.48,8.09,1.52,520.1896,
RaggedIsland,RGI,1,3,Edge,Necromass,"1,203.25",222.61,5.405192938,*10-20,B,2.5844,4.61,2.7605,0.1761,60.266703,
RaggedIsland,RGI,1,3,Edge,AliveRoots,"1,203.25",222.61,5.405192938,*20-30,C,0,0,0,0,0,
RaggedIsland,RGI,1,3,Edge,DeadRoots,"1,203.25",222.61,5.405192938,*20-30,C,6.5,35.96,9.51,3.01,1030.1123,
RaggedIsland,RGI,1,3,Edge,Necromass,"1,203.25",222.61,5.405192938,*20-30,C,2.6282,3.42,2.7991,0.1709,58.487107,
RaggedIsland,RGI,1,3,Inner,AliveRoots,"1,203.25",222.61,5.405192938,*0-10,A,2.6308,3.17,2.6804,0.0496,16.974608,
RaggedIsland,RGI,1,3,Inner,DeadRoots,"1,203.25",222.61,5.405192938,*0-10,A,6.56,34.62,8.37,1.81,619.4363,
RaggedIsland,RGI,1,3,Inner,Necromass,"1,203.25",222.61,5.405192938,*0-10,A,2.6378,7.73,3.2777,0.6399,218.992977,
RaggedIsland,RGI,1,3,Inner,AliveRoots,"1,203.25",222.61,5.405192938,*10-20,B,2.6617,3.2594,2.6712,0.0095,3.251185,
RaggedIsland,RGI,1,3,Inner,DeadRoots,"1,203.25",222.61,5.405192938,*10-20,B,6.44,88.5,10.58,4.14,1416.8322,
RaggedIsland,RGI,1,3,Inner,Necromass,"1,203.25",222.61,5.405192938,*10-20,B,6.5,9.1,6.52,0.02,6.8446,
RaggedIsland,RGI,1,3,Inner,AliveRoots,"1,203.25",222.61,5.405192938,*20-30,C,2.6469,2.7,2.6492,0.0023,0.787129,
RaggedIsland,RGI,1,3,Inner,DeadRoots,"1,203.25",222.61,5.405192938,*20-30,C,6.46,78.88,10.4,3.94,1348.3862,
RaggedIsland,RGI,1,3,Inner,Necromass,"1,203.25",222.61,5.405192938,*20-30,C,6.43,18.42,6.85,0.42,143.7366,
RaggedIsland,RGI,2,1,Edge,AliveRoots,"37,330.24","3,051.32",12.23412818,*0-10,A,2.6062,4.12,2.7444,0.1382,47.296186,
RaggedIsland,RGI,2,1,Edge,DeadRoots,"37,330.24","3,051.32",12.23412818,*0-10,A,6.46,37.94,9.17,2.71,927.4433,
RaggedIsland,RGI,2,1,Edge,Necromass,"37,330.24","3,051.32",12.23412818,*0-10,A,2.6122,2.76,2.6276,0.0154,5.270342,
RaggedIsland,RGI,2,1,Edge,AliveRoots,"37,330.24","3,051.32",12.23412818,*10-20,B,2.5827,3.0197,2.5951,0.0124,4.243652,
RaggedIsland,RGI,2,1,Edge,DeadRoots,"37,330.24","3,051.32",12.23412818,*10-20,B,6.53,77.07,10.48,3.95,1351.8085,
RaggedIsland,RGI,2,1,Edge,Necromass,"37,330.24","3,051.32",12.23412818,*10-20,B,2.5715,3.175,2.6226,0.0511,17.487953,
RaggedIsland,RGI,2,1,Edge,AliveRoots,"37,330.24","3,051.32",12.23412818,*20-30,C,0,0,0,0,0,
RaggedIsland,RGI,2,1,Edge,DeadRoots,"37,330.24","3,051.32",12.23412818,*20-30,C,6.48,86.35,10.29,3.81,1303.8963,
RaggedIsland,RGI,2,1,Edge,Necromass,"37,330.24","3,051.32",12.23412818,*20-30,C,2.5688,6.91,2.7392,0.1704,58.315992,
RaggedIsland,RGI,2,1,Inner,AliveRoots,"37,330.24","3,051.32",12.23412818,*0-10,A,2.6161,3.6,2.6686,0.0525,17.967075,
RaggedIsland,RGI,2,1,Inner,DeadRoots,"37,330.24","3,051.32",12.23412818,*0-10,A,2.63,6.43,2.799,0.169,57.83687,
RaggedIsland,RGI,2,1,Inner,Necromass,"37,330.24","3,051.32",12.23412818,*0-10,A,2.6139,9.45,3.3339,0.72,246.4056,
RaggedIsland,RGI,2,1,Inner,AliveRoots,"37,330.24","3,051.32",12.23412818,*10-20,B,6.54,11.24,7.3,0.76,260.0948,
RaggedIsland,RGI,2,1,Inner,DeadRoots,"37,330.24","3,051.32",12.23412818,*10-20,B,6.55,22.91,7.43,0.88,301.1624,
RaggedIsland,RGI,2,1,Inner,Necromass,"37,330.24","3,051.32",12.23412818,*10-20,B,6.52,10.59,6.94,0.42,143.7366,
RaggedIsland,RGI,2,1,Inner,AliveRoots,"37,330.24","3,051.32",12.23412818,*20-30,C,0,0,0,0,0,
RaggedIsland,RGI,2,1,Inner,DeadRoots,"37,330.24","3,051.32",12.23412818,*20-30,C,6.51,72.01,10.44,3.93,1344.9639,
RaggedIsland,RGI,2,1,Inner,Necromass,"37,330.24","3,051.32",12.23412818,*20-30,C,2.6566,16.47,3.6021,0.9455,323.578465,
RaggedIsland,RGI,2,2,Edge,AliveRoots,"37,330.24","3,051.32",12.23412818,*0-10,A,0,,0,0,0,
RaggedIsland,RGI,2,2,Edge,DeadRoots,"37,330.24","3,051.32",12.23412818,*0-10,A,15.41,21.24,16.28,0.87,297.7401,
RaggedIsland,RGI,2,2,Edge,Necromass,"37,330.24","3,051.32",12.23412818,*0-10,A,7.64,8.84,7.8692,0.2292,78.439116,
RaggedIsland,RGI,2,2,Edge,AliveRoots,"37,330.24","3,051.32",12.23412818,*10-20,B,0,,0,0,0,
RaggedIsland,RGI,2,2,Edge,DeadRoots,"37,330.24","3,051.32",12.23412818,*10-20,B,15.33,31.49,17.32533,1.99533,682.8617859,
RaggedIsland,RGI,2,2,Edge,Necromass,"37,330.24","3,051.32",12.23412818,*10-20,B,7.74,8.12,7.7421,0.0021,0.718683,
RaggedIsland,RGI,2,2,Edge,AliveRoots,"37,330.24","3,051.32",12.23412818,*20-30,C,3.9,4.17,3.9071,0.0071,2.429833,
RaggedIsland,RGI,2,2,Edge,DeadRoots,"37,330.24","3,051.32",12.23412818,*20-30,C,15.26,26.58,16.3911,1.1311,387.096353,
RaggedIsland,RGI,2,2,Edge,Necromass,"37,330.24","3,051.32",12.23412818,*20-30,C,0,0,0,0,0,
RaggedIsland,RGI,2,2,Inner,AliveRoots,"37,330.24","3,051.32",12.23412818,*0-10,A,5.21,5.47,5.25,0.04,13.6892,
RaggedIsland,RGI,2,2,Inner,DeadRoots,"37,330.24","3,051.32",12.23412818,*0-10,A,10.48,32.67,12.3296,1.8496,632.988608,
RaggedIsland,RGI,2,2,Inner,Necromass,"37,330.24","3,051.32",12.23412818,*0-10,A,2.63,2.72,2.6342,0.0042,1.437366,
RaggedIsland,RGI,2,2,Inner,AliveRoots,"37,330.24","3,051.32",12.23412818,*10-20,B,7.87,8.74,7.9622,0.0922,31.553606,
RaggedIsland,RGI,2,2,Inner,DeadRoots,"37,330.24","3,051.32",12.23412818,*10-20,B,10.56,28.04,11.9141,1.3541,463.413643,
RaggedIsland,RGI,2,2,Inner,Necromass,"37,330.24","3,051.32",12.23412818,*10-20,B,0,0,0,0,0,
RaggedIsland,RGI,2,2,Inner,AliveRoots,"37,330.24","3,051.32",12.23412818,*20-30,C,0,,0,0,0,
RaggedIsland,RGI,2,2,Inner,DeadRoots,"37,330.24","3,051.32",12.23412818,*20-30,C,18.41,72.31,23.387,4.977,1703.27871,
RaggedIsland,RGI,2,2,Inner,Necromass,"37,330.24","3,051.32",12.23412818,*20-30,C,5.31,6.8,5.449,0.139,47.56997,
RaggedIsland,RGI,2,3,Edge,AliveRoots,"37,330.24","3,051.32",12.23412818,*0-10,A,2.6346,3.38,2.6766,0.042,14.37366,
RaggedIsland,RGI,2,3,Edge,DeadRoots,"37,330.24","3,051.32",12.23412818,*0-10,A,2.6351,13.05,3.1293,0.4942,169.130066,
RaggedIsland,RGI,2,3,Edge,Necromass,"37,330.24","3,051.32",12.23412818,*0-10,A,2.6513,6.85,2.947,0.2957,101.197411,
RaggedIsland,RGI,2,3,Edge,AliveRoots,"37,330.24","3,051.32",12.23412818,*10-20,B,2.6143,2.645,2.6148,0.0005,0.171115,
RaggedIsland,RGI,2,3,Edge,DeadRoots,"37,330.24","3,051.32",12.23412818,*10-20,B,6.44,78.32,8.92,2.48,848.7304,
RaggedIsland,RGI,2,3,Edge,Necromass,"37,330.24","3,051.32",12.23412818,*10-20,B,6.47,10.2,6.52,0.05,17.1115,
RaggedIsland,RGI,2,3,Edge,AliveRoots,"37,330.24","3,051.32",12.23412818,*20-30,C,0,0,0,0,0,
RaggedIsland,RGI,2,3,Edge,DeadRoots,"37,330.24","3,051.32",12.23412818,*20-30,C,6.55,59.3,11.68,5.13,1755.6399,
RaggedIsland,RGI,2,3,Edge,Necromass,"37,330.24","3,051.32",12.23412818,*20-30,C,2.6152,7.4,3.1263,0.5111,174.913753,
RaggedIsland,RGI,2,3,Inner,AliveRoots,"37,330.24","3,051.32",12.23412818,*0-10,A,2.5819,2.9381,2.5987,0.0168,5.749464,
RaggedIsland,RGI,2,3,Inner,DeadRoots,"37,330.24","3,051.32",12.23412818,*0-10,A,6.46,19.26,6.99,0.53,181.3819,
RaggedIsland,RGI,2,3,Inner,Necromass,"37,330.24","3,051.32",12.23412818,*0-10,A,2.65,13.62,3.7337,1.0837,370.874651,
RaggedIsland,RGI,2,3,Inner,AliveRoots,"37,330.24","3,051.32",12.23412818,*10-20,B,0,0,0,0,0,
RaggedIsland,RGI,2,3,Inner,DeadRoots,"37,330.24","3,051.32",12.23412818,*10-20,B,6.5,37.51,7.78,1.28,438.0544,
RaggedIsland,RGI,2,3,Inner,Necromass,"37,330.24","3,051.32",12.23412818,*10-20,B,2.66,5.84,2.8135,0.1535,52.532305,
RaggedIsland,RGI,2,3,Inner,AliveRoots,"37,330.24","3,051.32",12.23412818,*20-30,C,0,0,0,0,0,
RaggedIsland,RGI,2,3,Inner,DeadRoots,"37,330.24","3,051.32",12.23412818,*20-30,C,6.51,76.59,10.4,3.89,1331.2747,
RaggedIsland,RGI,2,3,Inner,Necromass,"37,330.24","3,051.32",12.23412818,*20-30,C,6.51,19.93,7.14,0.63,215.6049,
RaggedIsland,RGI,3,1,Edge,AliveRoots,"17,089.91","1,283.89",13.31103911,*0-10,A,2.6158,3.5071,2.6628,0.047,16.08481,
RaggedIsland,RGI,3,1,Edge,DeadRoots,"17,089.91","1,283.89",13.31103911,*0-10,A,6.4592,49.2812,9.39,2.9308,1003.007684,
RaggedIsland,RGI,3,1,Edge,Necromass,"17,089.91","1,283.89",13.31103911,*0-10,A,2.6149,10.146,3.1281,0.5132,175.632436,
RaggedIsland,RGI,3,1,Edge,AliveRoots,"17,089.91","1,283.89",13.31103911,*10-20,B,3.7926,6.0971,4.0617,0.2691,92.094093,
RaggedIsland,RGI,3,1,Edge,DeadRoots,"17,089.91","1,283.89",13.31103911,*10-20,B,6.4962,51.8988,9,2.5038,856.875474,
RaggedIsland,RGI,3,1,Edge,Necromass,"17,089.91","1,283.89",13.31103911,*10-20,B,3.8225,4.2445,3.8319,0.0094,3.216962,
RaggedIsland,RGI,3,1,Edge,AliveRoots,"17,089.91","1,283.89",13.31103911,*20-30,C,2.678,4.8059,2.7492,0.0712,24.366776,
RaggedIsland,RGI,3,1,Edge,DeadRoots,"17,089.91","1,283.89",13.31103911,*20-30,C,6.4478,50.364,8.69,2.2422,767.348106,
RaggedIsland,RGI,3,1,Edge,Necromass,"17,089.91","1,283.89",13.31103911,*20-30,C,2.6709,5.5942,2.8567,0.1858,63.586334,
RaggedIsland,RGI,3,1,Inner,AliveRoots,"17,089.91","1,283.89",13.31103911,*0-10,A,2.6236,19.5656,3.9901,1.3665,467.657295,
RaggedIsland,RGI,3,1,Inner,DeadRoots,"17,089.91","1,283.89",13.31103911,*0-10,A,6.5236,128.78,15.96,9.4364,3229.419172,
RaggedIsland,RGI,3,1,Inner,Necromass,"17,089.91","1,283.89",13.31103911,*0-10,A,2.6395,4.6891,2.8449,0.2054,70.294042,
RaggedIsland,RGI,3,1,Inner,AliveRoots,"17,089.91","1,283.89",13.31103911,*10-20,B,2.6241,4.5992,2.7544,0.1303,44.592569,
RaggedIsland,RGI,3,1,Inner,DeadRoots,"17,089.91","1,283.89",13.31103911,*10-20,B,6.5262,103.72,14.14,7.6138,2605.670774,
RaggedIsland,RGI,3,1,Inner,Necromass,"17,089.91","1,283.89",13.31103911,*10-20,B,2.6373,7.0914,2.8079,0.1706,58.384438,
RaggedIsland,RGI,3,1,Inner,AliveRoots,"17,089.91","1,283.89",13.31103911,*20-30,C,2.6601,2.722,2.6629,0.0028,0.958244,
RaggedIsland,RGI,3,1,Inner,DeadRoots,"17,089.91","1,283.89",13.31103911,*20-30,C,6.51,57.95,9.64,3.13,1071.1799,
RaggedIsland,RGI,3,1,Inner,Necromass,"17,089.91","1,283.89",13.31103911,*20-30,C,6.49,25.87,7.73,1.24,424.3652,
RaggedIsland,RGI,3,2,Edge,AliveRoots,"17,089.91","1,283.89",13.31103911,*0-10,A,15.3,NA,15.78,0.48,164.2704,
RaggedIsland,RGI,3,2,Edge,DeadRoots,"17,089.91","1,283.89",13.31103911,*0-10,A,29.3,NA,45.64,16.34,5592.0382,
RaggedIsland,RGI,3,2,Edge,Necromass,"17,089.91","1,283.89",13.31103911,*0-10,A,3.9,NA,3.91,0.01,3.4223,
RaggedIsland,RGI,3,2,Edge,AliveRoots,"17,089.91","1,283.89",13.31103911,*10-20,B,15.22,17.06,15.47,0.25,85.5575,
RaggedIsland,RGI,3,2,Edge,DeadRoots,"17,089.91","1,283.89",13.31103911,*10-20,B,29.26,137.9,40.16,10.9,3730.307,
RaggedIsland,RGI,3,2,Edge,Necromass,"17,089.91","1,283.89",13.31103911,*10-20,B,7.73,8.23,7.8,0.07,23.9561,
RaggedIsland,RGI,3,2,Edge,AliveRoots,"17,089.91","1,283.89",13.31103911,*20-30,C,0,0,0,0,0,
RaggedIsland,RGI,3,2,Edge,DeadRoots,"17,089.91","1,283.89",13.31103911,*20-30,C,26,112.03,32.55,6.55,2241.6065,
RaggedIsland,RGI,3,2,Edge,Necromass,"17,089.91","1,283.89",13.31103911,*20-30,C,7.75,8.12,7.8,0.05,17.1115,
RaggedIsland,RGI,3,2,Inner,AliveRoots,"17,089.91","1,283.89",13.31103911,*0-10,A,15.35,17.96,15.63,0.28,95.8244,
RaggedIsland,RGI,3,2,Inner,DeadRoots,"17,089.91","1,283.89",13.31103911,*0-10,A,25.95,165.32,39.62,13.67,4678.2841,
RaggedIsland,RGI,3,2,Inner,Necromass,"17,089.91","1,283.89",13.31103911,*0-10,A,7.73,8.2,7.82,0.09,30.8007,
RaggedIsland,RGI,3,2,Inner,AliveRoots,"17,089.91","1,283.89",13.31103911,*10-20,B,3.72,4.48,3.79,0.07,23.9561,
RaggedIsland,RGI,3,2,Inner,DeadRoots,"17,089.91","1,283.89",13.31103911,*10-20,B,26.07,137.38,37.04,10.97,3754.2631,
RaggedIsland,RGI,3,2,Inner,Necromass,"17,089.91","1,283.89",13.31103911,*10-20,B,7.61,7.98,7.65,0.04,13.6892,
RaggedIsland,RGI,3,2,Inner,AliveRoots,"17,089.91","1,283.89",13.31103911,*20-30,C,0,0,0,0,0,
RaggedIsland,RGI,3,2,Inner,DeadRoots,"17,089.91","1,283.89",13.31103911,*20-30,C,25.91,82.22,30.74,4.83,1652.9709,
RaggedIsland,RGI,3,2,Inner,Necromass,"17,089.91","1,283.89",13.31103911,*20-30,C,7.69,7.89,7.71,0.02,6.8446,
RaggedIsland,RGI,3,3,Edge,AliveRoots,"17,089.91","1,283.89",13.31103911,*0-10,A,6.5427,15.2199,7.96,1.4173,485.042579,
RaggedIsland,RGI,3,3,Edge,DeadRoots,"17,089.91","1,283.89",13.31103911,*0-10,A,6.458,17.0869,7.68,1.222,418.20506,
RaggedIsland,RGI,3,3,Edge,Necromass,"17,089.91","1,283.89",13.31103911,*0-10,A,6.4325,13.2382,7.58,1.1475,392.708925,
RaggedIsland,RGI,3,3,Edge,AliveRoots,"17,089.91","1,283.89",13.31103911,*10-20,B,6.474,9.0592,6.66,0.186,63.65478,
RaggedIsland,RGI,3,3,Edge,DeadRoots,"17,089.91","1,283.89",13.31103911,*10-20,B,6.4711,16.348,7.02,0.5489,187.850047,
RaggedIsland,RGI,3,3,Edge,Necromass,"17,089.91","1,283.89",13.31103911,*10-20,B,2.6858,5.7095,2.8061,0.1203,41.170269,
RaggedIsland,RGI,3,3,Edge,AliveRoots,"17,089.91","1,283.89",13.31103911,*20-30,C,2.687,4.0102,2.7559,0.0689,23.579647,
RaggedIsland,RGI,3,3,Edge,DeadRoots,"17,089.91","1,283.89",13.31103911,*20-30,C,6.4599,20.5468,7.51,1.0501,359.375723,
RaggedIsland,RGI,3,3,Edge,Necromass,"17,089.91","1,283.89",13.31103911,*20-30,C,2.64,8.449,2.9503,0.3103,106.193969,
RaggedIsland,RGI,3,3,Inner,AliveRoots,"17,089.91","1,283.89",13.31103911,*0-10,A,3.8672,7.695,3.9972,0.13,44.4899,
RaggedIsland,RGI,3,3,Inner,DeadRoots,"17,089.91","1,283.89",13.31103911,*0-10,A,6.48,163.74,17.74,11.26,3853.5098,
RaggedIsland,RGI,3,3,Inner,Necromass,"17,089.91","1,283.89",13.31103911,*0-10,A,3.8495,6.2751,4.0206,0.1711,58.555553,
RaggedIsland,RGI,3,3,Inner,AliveRoots,"17,089.91","1,283.89",13.31103911,*10-20,B,2.6439,4.0954,2.7254,0.0815,27.891745,
RaggedIsland,RGI,3,3,Inner,DeadRoots,"17,089.91","1,283.89",13.31103911,*10-20,B,6.503,93.65,12.73,6.227,2131.06621,
RaggedIsland,RGI,3,3,Inner,Necromass,"17,089.91","1,283.89",13.31103911,*10-20,B,2.641,6.4274,2.8995,0.2585,88.466455,
RaggedIsland,RGI,3,3,Inner,AliveRoots,"17,089.91","1,283.89",13.31103911,*20-30,C,2.6496,2.7195,2.6552,0.0056,1.916488,
RaggedIsland,RGI,3,3,Inner,DeadRoots,"17,089.91","1,283.89",13.31103911,*20-30,C,6.4923,79.06,14.24,7.7477,2651.495371,
RaggedIsland,RGI,3,3,Inner,Necromass,"17,089.91","1,283.89",13.31103911,*20-30,C,2.6469,14.3889,4.1507,1.5038,514.645474,
MachicomocoStatePark,MAC,1,1,Edge,AliveRoots,757.17,219.36,3.451723195,*0-10,A,2.6345,5.6256,2.7886,0.1541,52.737643,
MachicomocoStatePark,MAC,1,1,Edge,DeadRoots,757.17,219.36,3.451723195,*0-10,A,5.86,100.71,13.43,7.57,2590.6811,
MachicomocoStatePark,MAC,1,1,Edge,Necromass,757.17,219.36,3.451723195,*0-10,A,6.55,33.03,10.48,3.93,1344.9639,
MachicomocoStatePark,MAC,1,1,Edge,AliveRoots,757.17,219.36,3.451723195,*10-20,B,2.6145,NA,2.6362,0.0217,7.426391,
MachicomocoStatePark,MAC,1,1,Edge,DeadRoots,757.17,219.36,3.451723195,*10-20,B,6.52,108.98,11.27,4.75,1625.5925,
MachicomocoStatePark,MAC,1,1,Edge,Necromass,757.17,219.36,3.451723195,*10-20,B,6.52,27,8.47,1.95,667.3485,
MachicomocoStatePark,MAC,1,1,Edge,AliveRoots,757.17,219.36,3.451723195,*20-30,C,2.6048,NA,2.6125,0.0077,2.635171,
MachicomocoStatePark,MAC,1,1,Edge,DeadRoots,757.17,219.36,3.451723195,*20-30,C,6.54,70.51,9.51,2.97,1016.4231,
MachicomocoStatePark,MAC,1,1,Edge,Necromass,757.17,219.36,3.451723195,*20-30,C,6.47,21.09,7.63,1.16,396.9868,
MachicomocoStatePark,MAC,1,1,Inner,AliveRoots,757.17,219.36,3.451723195,*0-10,A,2.6759,5.616,3.0756,0.3997,136.789331,
MachicomocoStatePark,MAC,1,1,Inner,DeadRoots,757.17,219.36,3.451723195,*0-10,A,6.46,86.6,12.04,5.58,1909.6434,
MachicomocoStatePark,MAC,1,1,Inner,Necromass,757.17,219.36,3.451723195,*0-10,A,2.6039,3.4504,2.6662,0.0623,21.320929,
MachicomocoStatePark,MAC,1,1,Inner,AliveRoots,757.17,219.36,3.451723195,*10-20,B,2.6454,3.4928,2.7041,0.0587,20.088901,
MachicomocoStatePark,MAC,1,1,Inner,DeadRoots,757.17,219.36,3.451723195,*10-20,B,6.54,134.03,14.96,8.42,2881.5766,
MachicomocoStatePark,MAC,1,1,Inner,Necromass,757.17,219.36,3.451723195,*10-20,B,2.6373,6.1204,3.1367,0.4994,170.909662,
MachicomocoStatePark,MAC,1,1,Inner,AliveRoots,757.17,219.36,3.451723195,*20-30,C,2.6296,2.8036,2.6375,0.0079,2.703617,
MachicomocoStatePark,MAC,1,1,Inner,DeadRoots,757.17,219.36,3.451723195,*20-30,C,6.48,47.62,9.75,3.27,1119.0921,
MachicomocoStatePark,MAC,1,1,Inner,Necromass,757.17,219.36,3.451723195,*20-30,C,2.6404,8.363,3.7038,1.0634,363.927382,
MachicomocoStatePark,MAC,1,2,Edge,AliveRoots,757.17,219.36,3.451723195,*0-10,A,2.64,3,2.6536,0.0136,4.654328,
MachicomocoStatePark,MAC,1,2,Edge,DeadRoots,757.17,219.36,3.451723195,*0-10,A,26.19,167.91,36.6673,10.4773,3585.646379,
MachicomocoStatePark,MAC,1,2,Edge,Necromass,757.17,219.36,3.451723195,*0-10,A,5.35,11.91,6.5087,1.1587,396.541901,
MachicomocoStatePark,MAC,1,2,Edge,AliveRoots,757.17,219.36,3.451723195,*10-20,B,0,0,0,0,0,
MachicomocoStatePark,MAC,1,2,Edge,DeadRoots,757.17,219.36,3.451723195,*10-20,B,25.89,167.13,35.2019,9.3119,3186.811537,
MachicomocoStatePark,MAC,1,2,Edge,Necromass,757.17,219.36,3.451723195,*10-20,B,5.3,8.24,5.7557,0.4557,155.954211,
MachicomocoStatePark,MAC,1,2,Edge,AliveRoots,757.17,219.36,3.451723195,*20-30,C,0,0,0,0,0,
MachicomocoStatePark,MAC,1,2,Edge,DeadRoots,757.17,219.36,3.451723195,*20-30,C,25.91,129.03,34.0442,8.1342,2783.767266,
MachicomocoStatePark,MAC,1,2,Edge,Necromass,757.17,219.36,3.451723195,*20-30,C,5.38,10,6.3076,0.9276,317.452548,
MachicomocoStatePark,MAC,1,2,Inner,AliveRoots,757.17,219.36,3.451723195,*0-10,A,10.28,13.52,10.8303,0.5503,188.329169,
MachicomocoStatePark,MAC,1,2,Inner,DeadRoots,757.17,219.36,3.451723195,*0-10,A,24.92,112.77,31.7717,6.8517,2344.857291,
MachicomocoStatePark,MAC,1,2,Inner,Necromass,757.17,219.36,3.451723195,*0-10,A,5.18,26.19,7.742,2.562,876.79326,
MachicomocoStatePark,MAC,1,2,Inner,AliveRoots,757.17,219.36,3.451723195,*10-20,B,10.16,13.94,10.8945,0.7345,251.367935,
MachicomocoStatePark,MAC,1,2,Inner,DeadRoots,757.17,219.36,3.451723195,*10-20,B,24.85,134.22,31.5165,6.6665,2281.476295,
MachicomocoStatePark,MAC,1,2,Inner,Necromass,757.17,219.36,3.451723195,*10-20,B,8.85,62.24,16.4765,7.6265,2610.017095,
MachicomocoStatePark,MAC,1,2,Inner,AliveRoots,757.17,219.36,3.451723195,*20-30,C,5.16,5.49,5.2886,0.1286,44.010778,
MachicomocoStatePark,MAC,1,2,Inner,DeadRoots,757.17,219.36,3.451723195,*20-30,C,24.76,84.03,31.0245,6.2645,2143.899835,
MachicomocoStatePark,MAC,1,2,Inner,Necromass,757.17,219.36,3.451723195,*20-30,C,8.76,42.06,12.8899,4.1299,1413.375677,
MachicomocoStatePark,MAC,1,3,Edge,AliveRoots,757.17,219.36,3.451723195,*0-10,A,2.6318,3.2499,2.7029,0.0711,24.332553,
MachicomocoStatePark,MAC,1,3,Edge,DeadRoots,757.17,219.36,3.451723195,*0-10,A,6.5,63.23,10.14,3.64,1245.7172,
MachicomocoStatePark,MAC,1,3,Edge,Necromass,757.17,219.36,3.451723195,*0-10,A,6.53,18.77,8.13,1.6,547.568,
MachicomocoStatePark,MAC,1,3,Edge,AliveRoots,757.17,219.36,3.451723195,*10-20,B,2.5937,2.7444,2.6061,0.0124,4.243652,
MachicomocoStatePark,MAC,1,3,Edge,DeadRoots,757.17,219.36,3.451723195,*10-20,B,6.48,48.37,8.8,2.32,793.9736,
MachicomocoStatePark,MAC,1,3,Edge,Necromass,757.17,219.36,3.451723195,*10-20,B,2.62,8.7925,3.4897,0.8697,297.637431,
MachicomocoStatePark,MAC,1,3,Edge,AliveRoots,757.17,219.36,3.451723195,*20-30,C,2.6581,2.6834,2.6587,0.0006,0.205338,
MachicomocoStatePark,MAC,1,3,Edge,DeadRoots,757.17,219.36,3.451723195,*20-30,C,6.58,36.46,8.73,2.15,735.7945,
MachicomocoStatePark,MAC,1,3,Edge,Necromass,757.17,219.36,3.451723195,*20-30,C,2.6399,7.1217,3.3601,0.7202,246.474046,
MachicomocoStatePark,MAC,1,3,Inner,AliveRoots,757.17,219.36,3.451723195,*0-10,A,2.6346,8.0027,3.3115,0.6769,231.655487,
MachicomocoStatePark,MAC,1,3,Inner,DeadRoots,757.17,219.36,3.451723195,*0-10,A,6.47,52.78,10.71,4.24,1451.0552,
MachicomocoStatePark,MAC,1,3,Inner,Necromass,757.17,219.36,3.451723195,*0-10,A,6.48,7.95,6.72,0.24,82.1352,
MachicomocoStatePark,MAC,1,3,Inner,AliveRoots,757.17,219.36,3.451723195,*10-20,B,2.6465,7.2498,3.083,0.4365,149.383395,
MachicomocoStatePark,MAC,1,3,Inner,DeadRoots,757.17,219.36,3.451723195,*10-20,B,6.54,42.26,9.08,2.54,869.2642,
MachicomocoStatePark,MAC,1,3,Inner,Necromass,757.17,219.36,3.451723195,*10-20,B,2.6357,6.463,3.3232,0.6875,235.283125,
MachicomocoStatePark,MAC,1,3,Inner,AliveRoots,757.17,219.36,3.451723195,*20-30,C,2.6025,3.7331,2.6691,0.0666,22.792518,
MachicomocoStatePark,MAC,1,3,Inner,DeadRoots,757.17,219.36,3.451723195,*20-30,C,6.48,25.21,8.31,1.83,626.2809,
MachicomocoStatePark,MAC,1,3,Inner,Necromass,757.17,219.36,3.451723195,*20-30,C,6.5,33.91,12.53,6.03,2063.6469,
MachicomocoStatePark,MAC,2,1,Edge,AliveRoots,757.17,219.36,3.451723195,*0-10,A,2.6299,3.8289,2.6392,0.0093,3.182739,
MachicomocoStatePark,MAC,2,1,Edge,DeadRoots,757.17,219.36,3.451723195,*0-10,A,6.47,51.04,9.45,2.98,1019.8454,
MachicomocoStatePark,MAC,2,1,Edge,Necromass,757.17,219.36,3.451723195,*0-10,A,2.6339,3.3194,2.699,0.0651,22.279173,
MachicomocoStatePark,MAC,2,1,Edge,AliveRoots,757.17,219.36,3.451723195,*10-20,B,3.7592,3.8812,3.7782,0.019,6.50237,
MachicomocoStatePark,MAC,2,1,Edge,DeadRoots,757.17,219.36,3.451723195,*10-20,B,6.38,8.39,6.58,0.2,68.446,
MachicomocoStatePark,MAC,2,1,Edge,Necromass,757.17,219.36,3.451723195,*10-20,B,3.8335,3.8737,3.8515,0.018,6.16014,
MachicomocoStatePark,MAC,2,1,Edge,AliveRoots,757.17,219.36,3.451723195,*20-30,C,2.6046,2.85,2.6175,0.0129,4.414767,
MachicomocoStatePark,MAC,2,1,Edge,DeadRoots,757.17,219.36,3.451723195,*20-30,C,2.62,19.56,3.8427,1.2227,418.444621,
MachicomocoStatePark,MAC,2,1,Edge,Necromass,757.17,219.36,3.451723195,*20-30,C,2.6249,3.52,2.7813,0.1564,53.524772,
MachicomocoStatePark,MAC,2,1,Inner,AliveRoots,757.17,219.36,3.451723195,*0-10,A,2.6021,12.1966,3.7425,1.1404,390.279092,
MachicomocoStatePark,MAC,2,1,Inner,DeadRoots,757.17,219.36,3.451723195,*0-10,A,6.47,97.52,15.5,9.03,3090.3369,
MachicomocoStatePark,MAC,2,1,Inner,Necromass,757.17,219.36,3.451723195,*0-10,A,2.5865,6.5826,2.9931,0.4066,139.150718,
MachicomocoStatePark,MAC,2,1,Inner,AliveRoots,757.17,219.36,3.451723195,*10-20,B,2.6129,2.76,2.6328,0.0199,6.810377,
MachicomocoStatePark,MAC,2,1,Inner,DeadRoots,757.17,219.36,3.451723195,*10-20,B,6.45,64.14,11.08,4.63,1584.5249,
MachicomocoStatePark,MAC,2,1,Inner,Necromass,757.17,219.36,3.451723195,*10-20,B,2.5898,NA,2.7053,0.1155,39.527565,
MachicomocoStatePark,MAC,2,1,Inner,AliveRoots,757.17,219.36,3.451723195,*20-30,C,2.6063,NA,2.6323,0.026,8.89798,
MachicomocoStatePark,MAC,2,1,Inner,DeadRoots,757.17,219.36,3.451723195,*20-30,C,6.54,30.79,7.62,1.08,369.6084,
MachicomocoStatePark,MAC,2,1,Inner,Necromass,757.17,219.36,3.451723195,*20-30,C,2.6052,2.7036,2.6207,0.0155,5.304565,
MachicomocoStatePark,MAC,2,2,Edge,AliveRoots,757.17,219.36,3.451723195,*0-10,A,0,0,0,0,0,
MachicomocoStatePark,MAC,2,2,Edge,DeadRoots,757.17,219.36,3.451723195,*0-10,A,10.32,16.95,10.91,0.59,201.9157,
MachicomocoStatePark,MAC,2,2,Edge,Necromass,757.17,219.36,3.451723195,*0-10,A,2.58,2.9,2.74,0.16,54.7568,
MachicomocoStatePark,MAC,2,2,Edge,AliveRoots,757.17,219.36,3.451723195,*10-20,B,5.19,5.45,5.36,0.17,58.1791,
MachicomocoStatePark,MAC,2,2,Edge,DeadRoots,757.17,219.36,3.451723195,*10-20,B,10.24,13.73,10.82,0.58,198.4934,
MachicomocoStatePark,MAC,2,2,Edge,Necromass,757.17,219.36,3.451723195,*10-20,B,5.11,5.26,5.29,0.18,61.6014,
MachicomocoStatePark,MAC,2,2,Edge,AliveRoots,757.17,219.36,3.451723195,*20-30,C,0,0,0,0,0,
MachicomocoStatePark,MAC,2,2,Edge,DeadRoots,757.17,219.36,3.451723195,*20-30,C,10.11,11.92,10.52,0.41,140.3143,
MachicomocoStatePark,MAC,2,2,Edge,Necromass,757.17,219.36,3.451723195,*20-30,C,0,0,0,0,0,
MachicomocoStatePark,MAC,2,2,Inner,AliveRoots,757.17,219.36,3.451723195,*0-10,A,10.18,12.39,10.92,0.74,253.2502,
MachicomocoStatePark,MAC,2,2,Inner,DeadRoots,757.17,219.36,3.451723195,*0-10,A,10.37,40.06,14.66,4.29,1468.1667,
MachicomocoStatePark,MAC,2,2,Inner,Necromass,757.17,219.36,3.451723195,*0-10,A,5,5.94,5.46,0.46,157.4258,
MachicomocoStatePark,MAC,2,2,Inner,AliveRoots,757.17,219.36,3.451723195,*10-20,B,7.74,10.07,8.35,0.61,208.7603,
MachicomocoStatePark,MAC,2,2,Inner,DeadRoots,757.17,219.36,3.451723195,*10-20,B,10.26,29.95,12.35,2.09,715.2607,
MachicomocoStatePark,MAC,2,2,Inner,Necromass,757.17,219.36,3.451723195,*10-20,B,5.17,5.89,5.49,0.32,109.5136,
MachicomocoStatePark,MAC,2,2,Inner,AliveRoots,757.17,219.36,3.451723195,*20-30,C,7.74,8.88,8.12,0.38,130.0474,
MachicomocoStatePark,MAC,2,2,Inner,DeadRoots,757.17,219.36,3.451723195,*20-30,C,10.33,21.71,11.52,1.19,407.2537,
MachicomocoStatePark,MAC,2,2,Inner,Necromass,757.17,219.36,3.451723195,*20-30,C,0,0,0,0,0,
MachicomocoStatePark,MAC,2,3,Edge,AliveRoots,757.17,219.36,3.451723195,*0-10,A,3.37,4.052,3.7347,0.3647,124.811281,
MachicomocoStatePark,MAC,2,3,Edge,DeadRoots,757.17,219.36,3.451723195,*0-10,A,6.48,30.43,9.76,3.28,1122.5144,
MachicomocoStatePark,MAC,2,3,Edge,Necromass,757.17,219.36,3.451723195,*0-10,A,2.74,NA,3.6632,0.9232,315.946736,
MachicomocoStatePark,MAC,2,3,Edge,AliveRoots,757.17,219.36,3.451723195,*10-20,B,2.5881,NA,2.5893,0.0012,0.410676,
MachicomocoStatePark,MAC,2,3,Edge,DeadRoots,757.17,219.36,3.451723195,*10-20,B,6.44,92.72,12.76,6.32,2162.8936,
MachicomocoStatePark,MAC,2,3,Edge,Necromass,757.17,219.36,3.451723195,*10-20,B,2.6235,3.384,2.7131,0.0896,30.663808,
MachicomocoStatePark,MAC,2,3,Edge,AliveRoots,757.17,219.36,3.451723195,*20-30,C,0,0,0,0,0,
MachicomocoStatePark,MAC,2,3,Edge,DeadRoots,757.17,219.36,3.451723195,*20-30,C,6.47,103.08,10.84,4.37,1495.5451,
MachicomocoStatePark,MAC,2,3,Edge,Necromass,757.17,219.36,3.451723195,*20-30,C,2.6618,3.8272,2.7538,0.092,31.48516,
MachicomocoStatePark,MAC,2,3,Inner,AliveRoots,757.17,219.36,3.451723195,*0-10,A,2.6207,2.87,2.6402,0.0195,6.673485,
MachicomocoStatePark,MAC,2,3,Inner,DeadRoots,757.17,219.36,3.451723195,*0-10,A,6.46,40.61,8.24,1.78,609.1694,
MachicomocoStatePark,MAC,2,3,Inner,Necromass,757.17,219.36,3.451723195,*0-10,A,2.6195,4.87,3.0162,0.3967,135.762641,
MachicomocoStatePark,MAC,2,3,Inner,AliveRoots,757.17,219.36,3.451723195,*10-20,B,2.6,5.07,2.7211,0.1211,41.444053,
MachicomocoStatePark,MAC,2,3,Inner,DeadRoots,757.17,219.36,3.451723195,*10-20,B,6.43,40.88,8.13,1.7,581.791,
MachicomocoStatePark,MAC,2,3,Inner,Necromass,757.17,219.36,3.451723195,*10-20,B,0,0,0,0,0,
MachicomocoStatePark,MAC,2,3,Inner,AliveRoots,757.17,219.36,3.451723195,*20-30,C,3.7856,3.9975,3.791,0.0054,1.848042,
MachicomocoStatePark,MAC,2,3,Inner,DeadRoots,757.17,219.36,3.451723195,*20-30,C,6.45,35.23,8.13,1.68,574.9464,
MachicomocoStatePark,MAC,2,3,Inner,Necromass,757.17,219.36,3.451723195,*20-30,C,3.9074,6.3821,4.0493,0.1419,48.562437,
MachicomocoStatePark,MAC,3,1,Edge,AliveRoots,757.17,219.36,3.451723195,*0-10,A,2.6356,2.8051,2.6515,0.0159,5.441457,
MachicomocoStatePark,MAC,3,1,Edge,DeadRoots,757.17,219.36,3.451723195,*0-10,A,6.5,32.15,8.76,2.26,773.4398,
MachicomocoStatePark,MAC,3,1,Edge,Necromass,757.17,219.36,3.451723195,*0-10,A,2.67,29.81,6.1571,3.4871,1193.390233,
MachicomocoStatePark,MAC,3,1,Edge,AliveRoots,757.17,219.36,3.451723195,*10-20,B,2.6234,4.9101,2.7269,0.1035,35.420805,
MachicomocoStatePark,MAC,3,1,Edge,DeadRoots,757.17,219.36,3.451723195,*10-20,B,6.45,93.73,13.72,7.27,2488.0121,
MachicomocoStatePark,MAC,3,1,Edge,Necromass,757.17,219.36,3.451723195,*10-20,B,2.6246,2.8246,2.6652,0.0406,13.894538,
MachicomocoStatePark,MAC,3,1,Edge,AliveRoots,757.17,219.36,3.451723195,*20-30,C,2.6304,5.5341,2.6932,0.0628,21.492044,
MachicomocoStatePark,MAC,3,1,Edge,DeadRoots,757.17,219.36,3.451723195,*20-30,C,6.47,62.99,9.46,2.99,1023.2677,
MachicomocoStatePark,MAC,3,1,Edge,Necromass,757.17,219.36,3.451723195,*20-30,C,2.6244,3.1793,2.6733,0.0489,16.735047,
MachicomocoStatePark,MAC,3,1,Inner,AliveRoots,757.17,219.36,3.451723195,*0-10,A,2.62,6.52,3.1,0.48,164.2704,
MachicomocoStatePark,MAC,3,1,Inner,DeadRoots,757.17,219.36,3.451723195,*0-10,A,6.45,46.82,10.98,4.53,1550.3019,
MachicomocoStatePark,MAC,3,1,Inner,Necromass,757.17,219.36,3.451723195,*0-10,A,2.65,16.76,6.27,3.62,1238.8726,
MachicomocoStatePark,MAC,3,1,Inner,AliveRoots,757.17,219.36,3.451723195,*10-20,B,2.609,6.0568,2.8162,0.2072,70.910056,
MachicomocoStatePark,MAC,3,1,Inner,DeadRoots,757.17,219.36,3.451723195,*10-20,B,6.45,28.05,7.27,0.82,280.6286,
MachicomocoStatePark,MAC,3,1,Inner,Necromass,757.17,219.36,3.451723195,*10-20,B,2.5838,5.48,2.9251,0.3413,116.803099,
MachicomocoStatePark,MAC,3,1,Inner,AliveRoots,757.17,219.36,3.451723195,*20-30,C,2.616,4.46,2.8126,0.1966,67.282418,
MachicomocoStatePark,MAC,3,1,Inner,DeadRoots,757.17,219.36,3.451723195,*20-30,C,6.5,41.86,9.87,3.37,1153.3151,
MachicomocoStatePark,MAC,3,1,Inner,Necromass,757.17,219.36,3.451723195,*20-30,C,2.6598,3.92,2.9278,0.268,91.71764,
MachicomocoStatePark,MAC,3,2,Edge,AliveRoots,757.17,219.36,3.451723195,*0-10,A,2.6075,3.0443,2.629,0.0215,7.357945,
MachicomocoStatePark,MAC,3,2,Edge,DeadRoots,757.17,219.36,3.451723195,*0-10,A,6.45,18.59,7.32,0.87,297.7401,
MachicomocoStatePark,MAC,3,2,Edge,Necromass,757.17,219.36,3.451723195,*0-10,A,2.6082,6.2151,3.168,0.5598,191.580354,
MachicomocoStatePark,MAC,3,2,Edge,AliveRoots,757.17,219.36,3.451723195,*10-20,B,0,0,0,0,0,
MachicomocoStatePark,MAC,3,2,Edge,DeadRoots,757.17,219.36,3.451723195,*10-20,B,6.48,22.28,7.2,0.72,246.4056,
MachicomocoStatePark,MAC,3,2,Edge,Necromass,757.17,219.36,3.451723195,*10-20,B,2.606,5.1343,3.0992,0.4932,168.787836,
MachicomocoStatePark,MAC,3,2,Edge,AliveRoots,757.17,219.36,3.451723195,*20-30,C,2.5789,2.6589,2.5825,0.0036,1.232028,
MachicomocoStatePark,MAC,3,2,Edge,DeadRoots,757.17,219.36,3.451723195,*20-30,C,6.49,25.87,7.39,0.9,308.007,
MachicomocoStatePark,MAC,3,2,Edge,Necromass,757.17,219.36,3.451723195,*20-30,C,2.6255,5.2258,3.0595,0.434,148.52782,
MachicomocoStatePark,MAC,3,2,Inner,AliveRoots,757.17,219.36,3.451723195,*0-10,A,2.7014,14.566,3.6826,0.9812,335.796076,
MachicomocoStatePark,MAC,3,2,Inner,DeadRoots,757.17,219.36,3.451723195,*0-10,A,6.48,108.48,16.44,9.96,3408.6108,
MachicomocoStatePark,MAC,3,2,Inner,Necromass,757.17,219.36,3.451723195,*0-10,A,2.6788,7.6541,3.1871,0.5083,173.955509,
MachicomocoStatePark,MAC,3,2,Inner,AliveRoots,757.17,219.36,3.451723195,*10-20,B,2.5804,2.8463,2.6026,0.0222,7.597506,
MachicomocoStatePark,MAC,3,2,Inner,DeadRoots,757.17,219.36,3.451723195,*10-20,B,6.42,46.12,9.45,3.03,1036.9569,
MachicomocoStatePark,MAC,3,2,Inner,Necromass,757.17,219.36,3.451723195,*10-20,B,2.6147,41.584,9.7548,7.1401,2443.556423,
MachicomocoStatePark,MAC,3,2,Inner,AliveRoots,757.17,219.36,3.451723195,*20-30,C,2.6733,12.8704,3.4066,0.7333,250.957259,
MachicomocoStatePark,MAC,3,2,Inner,DeadRoots,757.17,219.36,3.451723195,*20-30,C,6.46,189.7,18.71,12.25,4192.3175,
MachicomocoStatePark,MAC,3,2,Inner,Necromass,757.17,219.36,3.451723195,*20-30,C,2.6322,5.8682,2.9032,0.271,92.74433,
MachicomocoStatePark,MAC,3,3,Edge,AliveRoots,757.17,219.36,3.451723195,*0-10,A,2.589,3.2971,2.6549,0.0659,22.552957,
MachicomocoStatePark,MAC,3,3,Edge,DeadRoots,757.17,219.36,3.451723195,*0-10,A,6.47,81.29,12.9,6.43,2200.5389,
MachicomocoStatePark,MAC,3,3,Edge,Necromass,757.17,219.36,3.451723195,*0-10,A,2.597,11.165,3.5252,0.9282,317.657886,
MachicomocoStatePark,MAC,3,3,Edge,AliveRoots,757.17,219.36,3.451723195,*10-20,B,2.6196,3.7421,2.6824,0.0628,21.492044,
MachicomocoStatePark,MAC,3,3,Edge,DeadRoots,757.17,219.36,3.451723195,*10-20,B,6.48,83.32,15.4,8.92,3052.6916,
MachicomocoStatePark,MAC,3,3,Edge,Necromass,757.17,219.36,3.451723195,*10-20,B,2.6857,6.8847,3.2449,0.5592,191.375016,
MachicomocoStatePark,MAC,3,3,Edge,AliveRoots,757.17,219.36,3.451723195,*20-30,C,2.6094,2.978,2.6489,0.0395,13.518085,
MachicomocoStatePark,MAC,3,3,Edge,DeadRoots,757.17,219.36,3.451723195,*20-30,C,6.47,22.94,7.51,1.04,355.9192,
MachicomocoStatePark,MAC,3,3,Edge,Necromass,757.17,219.36,3.451723195,*20-30,C,2.6278,18.3702,5.3099,2.6821,917.895083,
MachicomocoStatePark,MAC,3,3,Inner,AliveRoots,757.17,219.36,3.451723195,*0-10,A,2.6175,10.5809,3.2295,0.612,209.44476,
MachicomocoStatePark,MAC,3,3,Inner,DeadRoots,757.17,219.36,3.451723195,*0-10,A,6.51,77.18,13.14,6.63,2268.9849,
MachicomocoStatePark,MAC,3,3,Inner,Necromass,757.17,219.36,3.451723195,*0-10,A,2.646,8.5348,3.581,0.935,319.98505,
MachicomocoStatePark,MAC,3,3,Inner,AliveRoots,757.17,219.36,3.451723195,*10-20,B,2.5845,3.19,2.6822,0.0977,33.435871,
MachicomocoStatePark,MAC,3,3,Inner,DeadRoots,757.17,219.36,3.451723195,*10-20,B,6.45,85.63,11.82,5.37,1837.7751,
MachicomocoStatePark,MAC,3,3,Inner,Necromass,757.17,219.36,3.451723195,*10-20,B,2.6156,12.634,3.9478,1.3322,455.918806,
MachicomocoStatePark,MAC,3,3,Inner,AliveRoots,757.17,219.36,3.451723195,*20-30,C,2.6391,2.9775,2.6607,0.0216,7.392168,
MachicomocoStatePark,MAC,3,3,Inner,DeadRoots,757.17,219.36,3.451723195,*20-30,C,6.46,98.72,23.56,17.1,5852.133,
MachicomocoStatePark,MAC,3,3,Inner,Necromass,757.17,219.36,3.451723195,*20-30,C,2.648,3.0738,2.7178,0.0698,23.887654,
GrandviewNaturePreserve,GNP,1,1,Edge,AliveRoots,"2,654.49",612.77,4.331951629,*0-10,A,2.6111,,2.6923,0.0812,27.789076,
GrandviewNaturePreserve,GNP,1,1,Edge,DeadRoots,"2,654.49",612.77,4.331951629,*0-10,A,6.47,,8.88,2.41,824.7743,
GrandviewNaturePreserve,GNP,1,1,Edge,Necromass,"2,654.49",612.77,4.331951629,*0-10,A,2.6019,,3.5242,0.9223,315.638729,
GrandviewNaturePreserve,GNP,1,1,Edge,AliveRoots,"2,654.49",612.77,4.331951629,*10-20,B,3.7437,,3.855,0.1113,38.090199,
GrandviewNaturePreserve,GNP,1,1,Edge,DeadRoots,"2,654.49",612.77,4.331951629,*10-20,B,6.52,,11.83,5.31,1817.2413,
GrandviewNaturePreserve,GNP,1,1,Edge,Necromass,"2,654.49",612.77,4.331951629,*10-20,B,3.6963,,3.7462,0.0499,17.077277,
GrandviewNaturePreserve,GNP,1,1,Edge,AliveRoots,"2,654.49",612.77,4.331951629,*20-30,C,3.8043,,3.9971,0.1928,65.981944,
GrandviewNaturePreserve,GNP,1,1,Edge,DeadRoots,"2,654.49",612.77,4.331951629,*20-30,C,6.44,,11.1,4.66,1594.7918,
GrandviewNaturePreserve,GNP,1,1,Edge,Necromass,"2,654.49",612.77,4.331951629,*20-30,C,3.7443,,3.7525,0.0082,2.806286,
GrandviewNaturePreserve,GNP,1,1,Inner,AliveRoots,"2,654.49",612.77,4.331951629,*0-10,A,3.8204,,4.9609,1.1405,390.313315,
GrandviewNaturePreserve,GNP,1,1,Inner,DeadRoots,"2,654.49",612.77,4.331951629,*0-10,A,6.45,,16.82,10.37,3548.9251,
GrandviewNaturePreserve,GNP,1,1,Inner,Necromass,"2,654.49",612.77,4.331951629,*0-10,A,3.7485,,3.7525,0.004,1.36892,
GrandviewNaturePreserve,GNP,1,1,Inner,AliveRoots,"2,654.49",612.77,4.331951629,*10-20,B,3.7809,,4.0966,0.3157,108.042011,
GrandviewNaturePreserve,GNP,1,1,Inner,DeadRoots,"2,654.49",612.77,4.331951629,*10-20,B,6.53,,8.02,1.49,509.9227,
GrandviewNaturePreserve,GNP,1,1,Inner,Necromass,"2,654.49",612.77,4.331951629,*10-20,B,3.7546,,3.7589,0.0043,1.471589,
GrandviewNaturePreserve,GNP,1,1,Inner,AliveRoots,"2,654.49",612.77,4.331951629,*20-30,C,0,0,0,0,0,
GrandviewNaturePreserve,GNP,1,1,Inner,DeadRoots,"2,654.49",612.77,4.331951629,*20-30,C,6.47,,9.87,3.4,1163.582,
GrandviewNaturePreserve,GNP,1,1,Inner,Necromass,"2,654.49",612.77,4.331951629,*20-30,C,3.784,,3.8049,0.0209,7.152607,
GrandviewNaturePreserve,GNP,1,2,Edge,AliveRoots,"2,654.49",612.77,4.331951629,*0-10,A,2.6124,,3.058,0.4456,152.497688,
GrandviewNaturePreserve,GNP,1,2,Edge,DeadRoots,"2,654.49",612.77,4.331951629,*0-10,A,6.56,,11.91,5.35,1830.9305,
GrandviewNaturePreserve,GNP,1,2,Edge,Necromass,"2,654.49",612.77,4.331951629,*0-10,A,2.6375,,3.1432,0.5057,173.065711,
GrandviewNaturePreserve,GNP,1,2,Edge,AliveRoots,"2,654.49",612.77,4.331951629,*10-20,B,2.605,,2.6882,0.0832,28.473536,
GrandviewNaturePreserve,GNP,1,2,Edge,DeadRoots,"2,654.49",612.77,4.331951629,*10-20,B,6.56,,13.52,6.96,2381.9208,
GrandviewNaturePreserve,GNP,1,2,Edge,Necromass,"2,654.49",612.77,4.331951629,*10-20,B,2.5853,,2.6026,0.0173,5.920579,
GrandviewNaturePreserve,GNP,1,2,Edge,AliveRoots,"2,654.49",612.77,4.331951629,*20-30,C,2.6404,,2.7372,0.0968,33.127864,
GrandviewNaturePreserve,GNP,1,2,Edge,DeadRoots,"2,654.49",612.77,4.331951629,*20-30,C,6.54,,13.08,6.54,2238.1842,
GrandviewNaturePreserve,GNP,1,2,Edge,Necromass,"2,654.49",612.77,4.331951629,*20-30,C,2.5943,,2.6737,0.0794,27.173062,
GrandviewNaturePreserve,GNP,1,2,Inner,AliveRoots,"2,654.49",612.77,4.331951629,*0-10,A,2.5883,,3.1045,0.5162,176.659126,
GrandviewNaturePreserve,GNP,1,2,Inner,DeadRoots,"2,654.49",612.77,4.331951629,*0-10,A,6.42,,15.34,8.92,3052.6916,
GrandviewNaturePreserve,GNP,1,2,Inner,Necromass,"2,654.49",612.77,4.331951629,*0-10,A,2.5797,,2.846,0.2663,91.135849,
GrandviewNaturePreserve,GNP,1,2,Inner,AliveRoots,"2,654.49",612.77,4.331951629,*10-20,B,2.5736,,2.5976,0.024,8.21352,
GrandviewNaturePreserve,GNP,1,2,Inner,DeadRoots,"2,654.49",612.77,4.331951629,*10-20,B,6.49,,9.18,2.69,920.5987,
GrandviewNaturePreserve,GNP,1,2,Inner,Necromass,"2,654.49",612.77,4.331951629,*10-20,B,2.5906,,2.5998,0.0092,3.148516,
GrandviewNaturePreserve,GNP,1,2,Inner,AliveRoots,"2,654.49",612.77,4.331951629,*20-30,C,2.6176,,2.6331,0.0155,5.304565,
GrandviewNaturePreserve,GNP,1,2,Inner,DeadRoots,"2,654.49",612.77,4.331951629,*20-30,C,6.45,,14.76,8.31,2843.9313,
GrandviewNaturePreserve,GNP,1,2,Inner,Necromass,"2,654.49",612.77,4.331951629,*20-30,C,2.6514,,2.6781,0.0267,9.137541,
GrandviewNaturePreserve,GNP,1,3,Edge,AliveRoots,"2,654.49",612.77,4.331951629,*0-10,A,2.6092,,2.9461,0.3369,115.297287,
GrandviewNaturePreserve,GNP,1,3,Edge,DeadRoots,"2,654.49",612.77,4.331951629,*0-10,A,6.5,,14.04,7.54,2580.4142,
GrandviewNaturePreserve,GNP,1,3,Edge,Necromass,"2,654.49",612.77,4.331951629,*0-10,A,2.6259,,2.6921,0.0662,22.655626,
GrandviewNaturePreserve,GNP,1,3,Edge,AliveRoots,"2,654.49",612.77,4.331951629,*10-20,B,2.6199,,2.8208,0.2009,68.754007,
GrandviewNaturePreserve,GNP,1,3,Edge,DeadRoots,"2,654.49",612.77,4.331951629,*10-20,B,6.42,,14.53,8.11,2775.4853,
GrandviewNaturePreserve,GNP,1,3,Edge,Necromass,"2,654.49",612.77,4.331951629,*10-20,B,2.5953,,2.6657,0.0704,24.092992,
GrandviewNaturePreserve,GNP,1,3,Edge,AliveRoots,"2,654.49",612.77,4.331951629,*20-30,C,3.7656,,3.8567,0.0911,31.177153,
GrandviewNaturePreserve,GNP,1,3,Edge,DeadRoots,"2,654.49",612.77,4.331951629,*20-30,C,6.43,,13.58,7.15,2446.9445,
GrandviewNaturePreserve,GNP,1,3,Edge,Necromass,"2,654.49",612.77,4.331951629,*20-30,C,3.7369,,3.7892,0.0523,17.898629,
GrandviewNaturePreserve,GNP,1,3,Inner,AliveRoots,"2,654.49",612.77,4.331951629,*0-10,A,3.7299,,4.1527,0.4228,144.694844,
GrandviewNaturePreserve,GNP,1,3,Inner,DeadRoots,"2,654.49",612.77,4.331951629,*0-10,A,6.46,,13.78,7.32,2505.1236,
GrandviewNaturePreserve,GNP,1,3,Inner,Necromass,"2,654.49",612.77,4.331951629,*0-10,A,3.7285,,3.9967,0.2682,91.786086,
GrandviewNaturePreserve,GNP,1,3,Inner,AliveRoots,"2,654.49",612.77,4.331951629,*10-20,B,3.7318,,4.7085,0.9767,334.256041,
GrandviewNaturePreserve,GNP,1,3,Inner,DeadRoots,"2,654.49",612.77,4.331951629,*10-20,B,6.43,,13.89,7.46,2553.0358,
GrandviewNaturePreserve,GNP,1,3,Inner,Necromass,"2,654.49",612.77,4.331951629,*10-20,B,0,0,0,0,0,
GrandviewNaturePreserve,GNP,1,3,Inner,AliveRoots,"2,654.49",612.77,4.331951629,*20-30,C,0,0,0,0,0,
GrandviewNaturePreserve,GNP,1,3,Inner,DeadRoots,"2,654.49",612.77,4.331951629,*20-30,C,6.45,,9.08,2.63,900.0649,
GrandviewNaturePreserve,GNP,1,3,Inner,Necromass,"2,654.49",612.77,4.331951629,*20-30,C,3.7988,,3.9697,0.1709,58.487107,
GrandviewNaturePreserve,GNP,2,1,Edge,AliveRoots,"11,006.23",552.1,19.93521101,*0-10,A,0,0,0,0,0,
GrandviewNaturePreserve,GNP,2,1,Edge,DeadRoots,"11,006.23",552.1,19.93521101,*0-10,A,6.4496,,9.93,3.4804,1191.097292,
GrandviewNaturePreserve,GNP,2,1,Edge,Necromass,"11,006.23",552.1,19.93521101,*0-10,A,2.5373,,2.5744,0.0371,12.696733,
GrandviewNaturePreserve,GNP,2,1,Edge,AliveRoots,"11,006.23",552.1,19.93521101,*10-20,B,0,0,0,0,0,
GrandviewNaturePreserve,GNP,2,1,Edge,DeadRoots,"11,006.23",552.1,19.93521101,*10-20,B,6.3935,,8.77,2.3765,813.309595,
GrandviewNaturePreserve,GNP,2,1,Edge,Necromass,"11,006.23",552.1,19.93521101,*10-20,B,2.5594,,2.5683,0.0089,3.045847,
GrandviewNaturePreserve,GNP,2,1,Edge,AliveRoots,"11,006.23",552.1,19.93521101,*20-30,C,2.5666,,2.5693,0.0027,0.924021,
GrandviewNaturePreserve,GNP,2,1,Edge,DeadRoots,"11,006.23",552.1,19.93521101,*20-30,C,6.39,,7.36,0.97,331.9631,
GrandviewNaturePreserve,GNP,2,1,Edge,Necromass,"11,006.23",552.1,19.93521101,*20-30,C,2.5583,,2.6012,0.0429,14.681667,
GrandviewNaturePreserve,GNP,2,1,Inner,AliveRoots,"11,006.23",552.1,19.93521101,*0-10,A,2.5529,,2.6913,0.1384,47.364632,
GrandviewNaturePreserve,GNP,2,1,Inner,DeadRoots,"11,006.23",552.1,19.93521101,*0-10,A,6.34,,9.78,3.44,1177.2712,
GrandviewNaturePreserve,GNP,2,1,Inner,Necromass,"11,006.23",552.1,19.93521101,*0-10,A,2.5366,,2.6047,0.0681,23.305863,
GrandviewNaturePreserve,GNP,2,1,Inner,AliveRoots,"11,006.23",552.1,19.93521101,*10-20,B,0,0,0,0,0,
GrandviewNaturePreserve,GNP,2,1,Inner,DeadRoots,"11,006.23",552.1,19.93521101,*10-20,B,6.41,,9.73,3.32,1136.2036,
GrandviewNaturePreserve,GNP,2,1,Inner,Necromass,"11,006.23",552.1,19.93521101,*10-20,B,2.5445,,2.5649,0.0204,6.981492,
GrandviewNaturePreserve,GNP,2,1,Inner,AliveRoots,"11,006.23",552.1,19.93521101,*20-30,C,0,0,0,0,0,
GrandviewNaturePreserve,GNP,2,1,Inner,DeadRoots,"11,006.23",552.1,19.93521101,*20-30,C,6.38,,11.45,5.07,1735.1061,
GrandviewNaturePreserve,GNP,2,1,Inner,Necromass,"11,006.23",552.1,19.93521101,*20-30,C,2.5487,,2.5712,0.0225,7.700175,
GrandviewNaturePreserve,GNP,2,2,Edge,AliveRoots,"11,006.23",552.1,19.93521101,*0-10,A,2.5755,,3.2422,0.6667,228.164741,
GrandviewNaturePreserve,GNP,2,2,Edge,DeadRoots,"11,006.23",552.1,19.93521101,*0-10,A,6.3931,,16.48,10.0869,3452.039787,
GrandviewNaturePreserve,GNP,2,2,Edge,Necromass,"11,006.23",552.1,19.93521101,*0-10,A,2.5533,,2.7156,0.1623,55.543929,
GrandviewNaturePreserve,GNP,2,2,Edge,AliveRoots,"11,006.23",552.1,19.93521101,*10-20,B,2.597,,3.0906,0.4936,168.924728,
GrandviewNaturePreserve,GNP,2,2,Edge,DeadRoots,"11,006.23",552.1,19.93521101,*10-20,B,6.3912,,19.38,12.9888,4445.157024,
GrandviewNaturePreserve,GNP,2,2,Edge,Necromass,"11,006.23",552.1,19.93521101,*10-20,B,2.6336,,3.43,0.7964,272.551972,
GrandviewNaturePreserve,GNP,2,2,Edge,AliveRoots,"11,006.23",552.1,19.93521101,*20-30,C,2.6078,,2.6889,0.0811,27.754853,
GrandviewNaturePreserve,GNP,2,2,Edge,DeadRoots,"11,006.23",552.1,19.93521101,*20-30,C,6.3804,,10.69,4.3096,1474.874408,
GrandviewNaturePreserve,GNP,2,2,Edge,Necromass,"11,006.23",552.1,19.93521101,*20-30,C,2.5239,,2.5534,0.0295,10.095785,
GrandviewNaturePreserve,GNP,2,2,Inner,AliveRoots,"11,006.23",552.1,19.93521101,*0-10,A,2.5626,,2.8191,0.2565,87.781995,
GrandviewNaturePreserve,GNP,2,2,Inner,DeadRoots,"11,006.23",552.1,19.93521101,*0-10,A,6.4066,,12.42,6.0134,2057.965882,
GrandviewNaturePreserve,GNP,2,2,Inner,Necromass,"11,006.23",552.1,19.93521101,*0-10,A,0,0,0,0,0,
GrandviewNaturePreserve,GNP,2,2,Inner,AliveRoots,"11,006.23",552.1,19.93521101,*10-20,B,0,0,0,0,0,
GrandviewNaturePreserve,GNP,2,2,Inner,DeadRoots,"11,006.23",552.1,19.93521101,*10-20,B,6.3705,,12.75,6.3795,2183.256285,
GrandviewNaturePreserve,GNP,2,2,Inner,Necromass,"11,006.23",552.1,19.93521101,*10-20,B,2.546,,2.5586,0.0126,4.312098,
GrandviewNaturePreserve,GNP,2,2,Inner,AliveRoots,"11,006.23",552.1,19.93521101,*20-30,C,0,0,0,0,0,
GrandviewNaturePreserve,GNP,2,2,Inner,DeadRoots,"11,006.23",552.1,19.93521101,*20-30,C,6.3803,,9.1,2.7197,930.762931,
GrandviewNaturePreserve,GNP,2,2,Inner,Necromass,"11,006.23",552.1,19.93521101,*20-30,C,2.594,,2.6313,0.0373,12.765179,
GrandviewNaturePreserve,GNP,2,3,Edge,AliveRoots,"11,006.23",552.1,19.93521101,*0-10,A,2.6216,,3.5188,0.8972,307.048756,
GrandviewNaturePreserve,GNP,2,3,Edge,DeadRoots,"11,006.23",552.1,19.93521101,*0-10,A,6.4025,,8.84,2.4375,834.185625,
GrandviewNaturePreserve,GNP,2,3,Edge,Necromass,"11,006.23",552.1,19.93521101,*0-10,A,2.6084,,2.8028,0.1944,66.529512,
GrandviewNaturePreserve,GNP,2,3,Edge,AliveRoots,"11,006.23",552.1,19.93521101,*10-20,B,2.5332,,2.607,0.0738,25.256574,
GrandviewNaturePreserve,GNP,2,3,Edge,DeadRoots,"11,006.23",552.1,19.93521101,*10-20,B,6.4516,,12.51,6.0584,2073.366232,
GrandviewNaturePreserve,GNP,2,3,Edge,Necromass,"11,006.23",552.1,19.93521101,*10-20,B,2.5581,,2.6643,0.1062,36.344826,
GrandviewNaturePreserve,GNP,2,3,Edge,AliveRoots,"11,006.23",552.1,19.93521101,*20-30,C,2.5834,,2.6161,0.0327,11.190921,
GrandviewNaturePreserve,GNP,2,3,Edge,DeadRoots,"11,006.23",552.1,19.93521101,*20-30,C,6.4052,,9.96,3.5548,1216.559204,
GrandviewNaturePreserve,GNP,2,3,Edge,Necromass,"11,006.23",552.1,19.93521101,*20-30,C,2.5497,,2.6427,0.093,31.82739,
GrandviewNaturePreserve,GNP,2,3,Inner,AliveRoots,"11,006.23",552.1,19.93521101,*0-10,A,2.5625,,3.1349,0.5724,195.892452,
GrandviewNaturePreserve,GNP,2,3,Inner,DeadRoots,"11,006.23",552.1,19.93521101,*0-10,A,6.4402,,12.6,6.1598,2108.068354,
GrandviewNaturePreserve,GNP,2,3,Inner,Necromass,"11,006.23",552.1,19.93521101,*0-10,A,2.5671,,2.8022,0.2351,80.458273,
GrandviewNaturePreserve,GNP,2,3,Inner,AliveRoots,"11,006.23",552.1,19.93521101,*10-20,B,2.5622,,2.5791,0.0169,5.783687,
GrandviewNaturePreserve,GNP,2,3,Inner,DeadRoots,"11,006.23",552.1,19.93521101,*10-20,B,6.3627,,9.52,3.1573,1080.522779,
GrandviewNaturePreserve,GNP,2,3,Inner,Necromass,"11,006.23",552.1,19.93521101,*10-20,B,2.5435,,2.6973,0.1538,52.634974,
GrandviewNaturePreserve,GNP,2,3,Inner,AliveRoots,"11,006.23",552.1,19.93521101,*20-30,C,0,0,0,0,0,
GrandviewNaturePreserve,GNP,2,3,Inner,DeadRoots,"11,006.23",552.1,19.93521101,*20-30,C,6.38,,9.77,3.39,1160.1597,
GrandviewNaturePreserve,GNP,2,3,Inner,Necromass,"11,006.23",552.1,19.93521101,*20-30,C,2.5695,,2.5822,0.0127,4.346321,
GrandviewNaturePreserve,GNP,3,1,Edge,AliveRoots,"3,676.29",548.02,6.708313565,*0-10,A,2.5769,15.1077,4.8253,2.2484,769.469932,
GrandviewNaturePreserve,GNP,3,1,Edge,DeadRoots,"3,676.29",548.02,6.708313565,*0-10,A,6.4,,11.18,4.78,1635.8594,
GrandviewNaturePreserve,GNP,3,1,Edge,Necromass,"3,676.29",548.02,6.708313565,*0-10,A,2.5161,2.7727,2.5464,0.0303,10.369569,
GrandviewNaturePreserve,GNP,3,1,Edge,AliveRoots,"3,676.29",548.02,6.708313565,*10-20,B,2.6218,10.2678,3.6971,1.0753,367.999919,
GrandviewNaturePreserve,GNP,3,1,Edge,DeadRoots,"3,676.29",548.02,6.708313565,*10-20,B,6.39,,10.82,4.43,1516.0789,
GrandviewNaturePreserve,GNP,3,1,Edge,Necromass,"3,676.29",548.02,6.708313565,*10-20,B,2.6382,3.7546,2.7277,0.0895,30.629585,
GrandviewNaturePreserve,GNP,3,1,Edge,AliveRoots,"3,676.29",548.02,6.708313565,*20-30,C,2.6146,17.2533,4.7455,2.1309,729.257907,
GrandviewNaturePreserve,GNP,3,1,Edge,DeadRoots,"3,676.29",548.02,6.708313565,*20-30,C,6.4,,10.43,4.03,1379.1869,
GrandviewNaturePreserve,GNP,3,1,Edge,Necromass,"3,676.29",548.02,6.708313565,*20-30,C,2.6273,3.5464,2.6967,0.0694,23.750762,
GrandviewNaturePreserve,GNP,3,1,Inner,AliveRoots,"3,676.29",548.02,6.708313565,*0-10,A,2.6157,14.6478,5.009,2.3933,819.059059,
GrandviewNaturePreserve,GNP,3,1,Inner,DeadRoots,"3,676.29",548.02,6.708313565,*0-10,A,6.42,,12,5.58,1909.6434,
GrandviewNaturePreserve,GNP,3,1,Inner,Necromass,"3,676.29",548.02,6.708313565,*0-10,A,2.5469,,2.5783,0.0314,10.746022,
GrandviewNaturePreserve,GNP,3,1,Inner,AliveRoots,"3,676.29",548.02,6.708313565,*10-20,B,2.5798,13.6286,3.7748,1.195,408.96485,
GrandviewNaturePreserve,GNP,3,1,Inner,DeadRoots,"3,676.29",548.02,6.708313565,*10-20,B,6.44,,10.63,4.19,1433.9437,
GrandviewNaturePreserve,GNP,3,1,Inner,Necromass,"3,676.29",548.02,6.708313565,*10-20,B,2.5511,2.9472,2.5795,0.0284,9.719332,
GrandviewNaturePreserve,GNP,3,1,Inner,AliveRoots,"3,676.29",548.02,6.708313565,*20-30,C,2.5696,4.6932,2.6203,0.0507,17.351061,
GrandviewNaturePreserve,GNP,3,1,Inner,DeadRoots,"3,676.29",548.02,6.708313565,*20-30,C,6.41,,11.4,4.99,1707.7277,
GrandviewNaturePreserve,GNP,3,1,Inner,Necromass,"3,676.29",548.02,6.708313565,*20-30,C,2.5644,3.1076,2.6023,0.0379,12.970517,
GrandviewNaturePreserve,GNP,3,2,Edge,AliveRoots,"3,676.29",548.02,6.708313565,*0-10,A,2.598,6.8121,3.5158,0.9178,314.098694,
GrandviewNaturePreserve,GNP,3,2,Edge,DeadRoots,"3,676.29",548.02,6.708313565,*0-10,A,6.41,,16,9.59,3281.9857,
GrandviewNaturePreserve,GNP,3,2,Edge,Necromass,"3,676.29",548.02,6.708313565,*0-10,A,2.5627,2.875,2.6508,0.0881,30.150463,
GrandviewNaturePreserve,GNP,3,2,Edge,AliveRoots,"3,676.29",548.02,6.708313565,*10-20,B,2.6157,15.5206,4.6525,2.0368,697.054064,
GrandviewNaturePreserve,GNP,3,2,Edge,DeadRoots,"3,676.29",548.02,6.708313565,*10-20,B,6.37,,25.63,19.26,6591.3498,
GrandviewNaturePreserve,GNP,3,2,Edge,Necromass,"3,676.29",548.02,6.708313565,*10-20,B,2.5727,,2.6251,0.0524,17.932852,
GrandviewNaturePreserve,GNP,3,2,Edge,AliveRoots,"3,676.29",548.02,6.708313565,*20-30,C,2.5758,4.2434,2.7198,0.144,49.28112,
GrandviewNaturePreserve,GNP,3,2,Edge,DeadRoots,"3,676.29",548.02,6.708313565,*20-30,C,6.43,,18.2,11.77,4028.0471,
GrandviewNaturePreserve,GNP,3,2,Edge,Necromass,"3,676.29",548.02,6.708313565,*20-30,C,2.545,4.273,2.6337,0.0887,30.355801,
GrandviewNaturePreserve,GNP,3,2,Inner,AliveRoots,"3,676.29",548.02,6.708313565,*0-10,A,0,0,0,0,0,
GrandviewNaturePreserve,GNP,3,2,Inner,DeadRoots,"3,676.29",548.02,6.708313565,*0-10,A,6.36,,9.49,3.13,1071.1799,
GrandviewNaturePreserve,GNP,3,2,Inner,Necromass,"3,676.29",548.02,6.708313565,*0-10,A,2.5831,2.9523,2.6898,0.1067,36.515941,
GrandviewNaturePreserve,GNP,3,2,Inner,AliveRoots,"3,676.29",548.02,6.708313565,*10-20,B,2.5836,2.6238,2.5848,0.0012,0.410676,
GrandviewNaturePreserve,GNP,3,2,Inner,DeadRoots,"3,676.29",548.02,6.708313565,*10-20,B,6.38,,10.03,3.65,1249.1395,
GrandviewNaturePreserve,GNP,3,2,Inner,Necromass,"3,676.29",548.02,6.708313565,*10-20,B,2.605,6.6232,4.168,1.563,534.90549,
GrandviewNaturePreserve,GNP,3,2,Inner,AliveRoots,"3,676.29",548.02,6.708313565,*20-30,C,2.5869,2.9226,2.6102,0.0233,7.973959,
GrandviewNaturePreserve,GNP,3,2,Inner,DeadRoots,"3,676.29",548.02,6.708313565,*20-30,C,6.49,,9.91,3.42,1170.4266,
GrandviewNaturePreserve,GNP,3,2,Inner,Necromass,"3,676.29",548.02,6.708313565,*20-30,C,2.5668,2.9278,2.6843,0.1175,40.212025,
GrandviewNaturePreserve,GNP,3,3,Edge,AliveRoots,"3,676.29",548.02,6.708313565,*0-10,A,2.5899,2.7054,2.5936,0.0037,1.266251,
GrandviewNaturePreserve,GNP,3,3,Edge,DeadRoots,"3,676.29",548.02,6.708313565,*0-10,A,6.42,,10.17,3.75,1283.3625,
GrandviewNaturePreserve,GNP,3,3,Edge,Necromass,"3,676.29",548.02,6.708313565,*0-10,A,2.5931,3.7411,2.726,0.1329,45.482367,
GrandviewNaturePreserve,GNP,3,3,Edge,AliveRoots,"3,676.29",548.02,6.708313565,*10-20,B,2.594,3.8606,2.7976,0.2036,69.678028,
GrandviewNaturePreserve,GNP,3,3,Edge,DeadRoots,"3,676.29",548.02,6.708313565,*10-20,B,6.41,,11.44,5.03,1721.4169,
GrandviewNaturePreserve,GNP,3,3,Edge,Necromass,"3,676.29",548.02,6.708313565,*10-20,B,2.5896,2.8973,2.6406,0.051,17.45373,
GrandviewNaturePreserve,GNP,3,3,Edge,AliveRoots,"3,676.29",548.02,6.708313565,*20-30,C,2.5907,2.7144,2.5947,0.004,1.36892,
GrandviewNaturePreserve,GNP,3,3,Edge,DeadRoots,"3,676.29",548.02,6.708313565,*20-30,C,6.3,,8.9,2.6,889.798,
GrandviewNaturePreserve,GNP,3,3,Edge,Necromass,"3,676.29",548.02,6.708313565,*20-30,C,2.5671,2.748,2.5907,0.0236,8.076628,
GrandviewNaturePreserve,GNP,3,3,Inner,AliveRoots,"3,676.29",548.02,6.708313565,*0-10,A,2.5965,3.4367,2.6978,0.1013,34.667899,
GrandviewNaturePreserve,GNP,3,3,Inner,DeadRoots,"3,676.29",548.02,6.708313565,*0-10,A,6.36,,10.15,3.79,1297.0517,
GrandviewNaturePreserve,GNP,3,3,Inner,Necromass,"3,676.29",548.02,6.708313565,*0-10,A,2.6187,4.3472,2.9965,0.3778,129.294494,
GrandviewNaturePreserve,GNP,3,3,Inner,AliveRoots,"3,676.29",548.02,6.708313565,*10-20,B,2.5835,3.159,2.6007,0.0172,5.886356,
GrandviewNaturePreserve,GNP,3,3,Inner,DeadRoots,"3,676.29",548.02,6.708313565,*10-20,B,6.4,,8.9,2.5,855.575,
GrandviewNaturePreserve,GNP,3,3,Inner,Necromass,"3,676.29",548.02,6.708313565,*10-20,B,2.6046,4.3953,2.9862,0.3816,130.594968,
GrandviewNaturePreserve,GNP,3,3,Inner,AliveRoots,"3,676.29",548.02,6.708313565,*20-30,C,2.6005,2.8371,2.6171,0.0166,5.681018,
GrandviewNaturePreserve,GNP,3,3,Inner,DeadRoots,"3,676.29",548.02,6.708313565,*20-30,C,6.4,,6.63,0.23,78.7129,
GrandviewNaturePreserve,GNP,3,3,Inner,Necromass,"3,676.29",548.02,6.708313565,*20-30,C,2.6047,5.1308,2.7146,0.1099,37.611077,
FirstLandingStatePark,FLS,1,1,Edge,AliveRoots,"1,535.65",455.15,3.373942656,*0-10,A,2.65,5.42,3.2803,0.6303,215.707569,
FirstLandingStatePark,FLS,1,1,Edge,DeadRoots,"1,535.65",455.15,3.373942656,*0-10,A,2.57,5.32,3.0478,0.4778,163.517494,
FirstLandingStatePark,FLS,1,1,Edge,Necromass,"1,535.65",455.15,3.373942656,*0-10,A,6.28,22.41,9.98,3.7,1266.251,
FirstLandingStatePark,FLS,1,1,Edge,AliveRoots,"1,535.65",455.15,3.373942656,*10-20,B,2.64,3.04,2.69,0.05,17.1115,
FirstLandingStatePark,FLS,1,1,Edge,DeadRoots,"1,535.65",455.15,3.373942656,*10-20,B,6.41,33.41,8.78,2.37,811.0851,
FirstLandingStatePark,FLS,1,1,Edge,Necromass,"1,535.65",455.15,3.373942656,*10-20,B,6.33,42.03,18.09,11.76,4024.6248,
FirstLandingStatePark,FLS,1,1,Edge,AliveRoots,"1,535.65",455.15,3.373942656,*20-30,C,2.65,5.42,3.2803,0.6303,215.707569,
FirstLandingStatePark,FLS,1,1,Edge,DeadRoots,"1,535.65",455.15,3.373942656,*20-30,C,2.57,5.32,3.0478,0.4778,163.517494,
FirstLandingStatePark,FLS,1,1,Edge,Necromass,"1,535.65",455.15,3.373942656,*20-30,C,6.28,22.41,9.98,3.7,1266.251,
FirstLandingStatePark,FLS,1,1,Inner,AliveRoots,"1,535.65",455.15,3.373942656,*0-10,A,2.6667,3.4912,2.7571,0.0904,30.937592,RW
FirstLandingStatePark,FLS,1,1,Inner,DeadRoots,"1,535.65",455.15,3.373942656,*0-10,A,6.46,54.16,11.2,4.74,1622.1702,
FirstLandingStatePark,FLS,1,1,Inner,Necromass,"1,535.65",455.15,3.373942656,*0-10,A,6.34,20.16,9.06,2.72,930.8656,
FirstLandingStatePark,FLS,1,1,Inner,AliveRoots,"1,535.65",455.15,3.373942656,*10-20,B,2.59,2.67,2.65,0.06,20.5338,
FirstLandingStatePark,FLS,1,1,Inner,DeadRoots,"1,535.65",455.15,3.373942656,*10-20,B,6.36,58.65,11.02,4.66,1594.7918,
FirstLandingStatePark,FLS,1,1,Inner,Necromass,"1,535.65",455.15,3.373942656,*10-20,B,2.629,3.47,2.7265,0.0975,33.367425,
FirstLandingStatePark,FLS,1,1,Inner,AliveRoots,"1,535.65",455.15,3.373942656,*20-30,C,0,0,0,0,0,
FirstLandingStatePark,FLS,1,1,Inner,DeadRoots,"1,535.65",455.15,3.373942656,*20-30,C,2.58,16.65,3.4076,0.8276,283.229548,
FirstLandingStatePark,FLS,1,1,Inner,Necromass,"1,535.65",455.15,3.373942656,*20-30,C,2.55,3.5,2.7544,0.2044,69.951812,
FirstLandingStatePark,FLS,1,2,Edge,AliveRoots,"1,535.65",455.15,3.373942656,*0-10,A,18.4258,18.4679,18.4691,0.0433,14.818559,LEE - dry > wet
FirstLandingStatePark,FLS,1,2,Edge,DeadRoots,"1,535.65",455.15,3.373942656,*0-10,A,36.7335,135.1492,44.7367,8.0032,2738.935136,LEE
FirstLandingStatePark,FLS,1,2,Edge,Necromass,"1,535.65",455.15,3.373942656,*0-10,A,0,0,0,0,0,LEE
FirstLandingStatePark,FLS,1,2,Edge,AliveRoots,"1,535.65",455.15,3.373942656,*10-20,B,9.1732,9.2029,9.2626,0.0894,30.595362,LEE
FirstLandingStatePark,FLS,1,2,Edge,DeadRoots,"1,535.65",455.15,3.373942656,*10-20,B,36.6466,,41.2079,4.5613,1561.013699,LEE
FirstLandingStatePark,FLS,1,2,Edge,Necromass,"1,535.65",455.15,3.373942656,*10-20,B,0,0,0,0,0,LEE
FirstLandingStatePark,FLS,1,2,Edge,AliveRoots,"1,535.65",455.15,3.373942656,*20-30,C,18.2908,18.8242,18.4396,0.1488,50.923824,LEE
FirstLandingStatePark,FLS,1,2,Edge,DeadRoots,"1,535.65",455.15,3.373942656,*20-30,C,36.6896,,41.9256,5.236,1791.91628,LEE
FirstLandingStatePark,FLS,1,2,Edge,Necromass,"1,535.65",455.15,3.373942656,*20-30,C,18.2691,124.1049,28.6758,10.4067,3561.484941,LEE
FirstLandingStatePark,FLS,1,2,Inner,AliveRoots,"1,535.65",455.15,3.373942656,*0-10,A,18.4655,18.4865,18.4853,0.0198,6.776154,LEE
FirstLandingStatePark,FLS,1,2,Inner,DeadRoots,"1,535.65",455.15,3.373942656,*0-10,A,36.8511,117.3243,43.3968,6.5457,2240.134911,LEE
FirstLandingStatePark,FLS,1,2,Inner,Necromass,"1,535.65",455.15,3.373942656,*0-10,A,18.3877,26.7284,20.4214,2.0337,695.993151,LEE
FirstLandingStatePark,FLS,1,2,Inner,AliveRoots,"1,535.65",455.15,3.373942656,*10-20,B,5.1725,,5.1736,0.0011,0.376453,LEE
FirstLandingStatePark,FLS,1,2,Inner,DeadRoots,"1,535.65",455.15,3.373942656,*10-20,B,24.81,147.3184,33.8469,9.0369,3092.698287,LEE
FirstLandingStatePark,FLS,1,2,Inner,Necromass,"1,535.65",455.15,3.373942656,*10-20,B,14.4146,,15.4398,1.0252,350.854196,LEE
FirstLandingStatePark,FLS,1,2,Inner,AliveRoots,"1,535.65",455.15,3.373942656,*20-30,C,10.4033,11.0938,10.5043,0.101,34.56523,LEE
FirstLandingStatePark,FLS,1,2,Inner,DeadRoots,"1,535.65",455.15,3.373942656,*20-30,C,20.7502,,32.5339,11.7837,4032.735651,LEE
FirstLandingStatePark,FLS,1,2,Inner,Necromass,"1,535.65",455.15,3.373942656,*20-30,C,10.3813,23.7503,11.836,1.4547,497.841981,LEE
FirstLandingStatePark,FLS,1,3,Edge,AliveRoots,"1,535.65",455.15,3.373942656,*0-10,A,2.55,10.06,4.188,1.638,560.57274,
FirstLandingStatePark,FLS,1,3,Edge,DeadRoots,"1,535.65",455.15,3.373942656,*0-10,A,6.12,44.42,12.3,6.18,2114.9814,
FirstLandingStatePark,FLS,1,3,Edge,Necromass,"1,535.65",455.15,3.373942656,*0-10,A,6.18,9.11,6.8,0.62,212.1826,
FirstLandingStatePark,FLS,1,3,Edge,AliveRoots,"1,535.65",455.15,3.373942656,*10-20,B,2.43,3.56,2.7651,0.3351,114.681273,
FirstLandingStatePark,FLS,1,3,Edge,DeadRoots,"1,535.65",455.15,3.373942656,*10-20,B,6.21,42.11,8.97,2.76,944.5548,
FirstLandingStatePark,FLS,1,3,Edge,Necromass,"1,535.65",455.15,3.373942656,*10-20,B,2.2,2.97,2.5069,0.3069,105.030387,
FirstLandingStatePark,FLS,1,3,Edge,AliveRoots,"1,535.65",455.15,3.373942656,*20-30,C,2.59,4.19,2.8009,0.2109,72.176307,
FirstLandingStatePark,FLS,1,3,Edge,DeadRoots,"1,535.65",455.15,3.373942656,*20-30,C,6.22,29.59,7.54,1.32,451.7436,
FirstLandingStatePark,FLS,1,3,Edge,Necromass,"1,535.65",455.15,3.373942656,*20-30,C,2.57,2.85,2.6165,0.0465,15.913695,
FirstLandingStatePark,FLS,1,3,Inner,AliveRoots,"1,535.65",455.15,3.373942656,*0-10,A,2.57,3.4,2.6071,0.0371,12.696733,
FirstLandingStatePark,FLS,1,3,Inner,DeadRoots,"1,535.65",455.15,3.373942656,*0-10,A,6.33,71.82,15.53,9.2,3148.516,
FirstLandingStatePark,FLS,1,3,Inner,Necromass,"1,535.65",455.15,3.373942656,*0-10,A,2.58,5.36,3.0739,0.4939,169.027397,
FirstLandingStatePark,FLS,1,3,Inner,AliveRoots,"1,535.65",455.15,3.373942656,*10-20,B,2.59,4.47,2.8112,0.2212,75.701276,
FirstLandingStatePark,FLS,1,3,Inner,DeadRoots,"1,535.65",455.15,3.373942656,*10-20,B,6.37,52.11,10.83,4.46,1526.3458,
FirstLandingStatePark,FLS,1,3,Inner,Necromass,"1,535.65",455.15,3.373942656,*10-20,B,2.62,2.86,2.7083,0.0883,30.218909,
FirstLandingStatePark,FLS,1,3,Inner,AliveRoots,"1,535.65",455.15,3.373942656,*20-30,C,2.63,4.88,2.9145,0.2845,97.364435,
FirstLandingStatePark,FLS,1,3,Inner,DeadRoots,"1,535.65",455.15,3.373942656,*20-30,C,6.42,20.51,8.22,1.8,616.014,
FirstLandingStatePark,FLS,1,3,Inner,Necromass,"1,535.65",455.15,3.373942656,*20-30,C,2.61,3.87,2.6408,0.0308,10.540684,
FirstLandingStatePark,FLS,2,1,Edge,AliveRoots,"23,529.90","3,159.95",7.446288707,*0-10,A,2.6667,3.4912,2.7571,0.0904,30.937592,
FirstLandingStatePark,FLS,2,1,Edge,DeadRoots,"23,529.90","3,159.95",7.446288707,*0-10,A,6.47,47.16,11.58,5.11,1748.7953,
FirstLandingStatePark,FLS,2,1,Edge,Necromass,"23,529.90","3,159.95",7.446288707,*0-10,A,2.6647,11.3508,4.1096,1.4449,494.488127,
FirstLandingStatePark,FLS,2,1,Edge,AliveRoots,"23,529.90","3,159.95",7.446288707,*10-20,B,2.6753,3.1151,2.6985,0.0232,7.939736,
FirstLandingStatePark,FLS,2,1,Edge,DeadRoots,"23,529.90","3,159.95",7.446288707,*10-20,B,6.59,48.32,10.84,4.25,1454.4775,
FirstLandingStatePark,FLS,2,1,Edge,Necromass,"23,529.90","3,159.95",7.446288707,*10-20,B,2.7031,14.2607,4.0359,1.3328,456.124144,
FirstLandingStatePark,FLS,2,1,Edge,AliveRoots,"23,529.90","3,159.95",7.446288707,*20-30,C,0,0,0,0,0,
FirstLandingStatePark,FLS,2,1,Edge,DeadRoots,"23,529.90","3,159.95",7.446288707,*20-30,C,6.45,86.29,12.51,6.06,2073.9138,
FirstLandingStatePark,FLS,2,1,Edge,Necromass,"23,529.90","3,159.95",7.446288707,*20-30,C,2.6338,5.8223,2.922,0.2882,98.630686,
FirstLandingStatePark,FLS,2,1,Inner,AliveRoots,"23,529.90","3,159.95",7.446288707,*0-10,A,2.6242,3.282,2.6786,0.0544,18.617312,RW
FirstLandingStatePark,FLS,2,1,Inner,DeadRoots,"23,529.90","3,159.95",7.446288707,*0-10,A,6.5,32.79,9.21,2.71,927.4433,
FirstLandingStatePark,FLS,2,1,Inner,Necromass,"23,529.90","3,159.95",7.446288707,*0-10,A,2.6569,4.7708,2.803,0.1461,49.999803,
FirstLandingStatePark,FLS,2,1,Inner,AliveRoots,"23,529.90","3,159.95",7.446288707,*10-20,B,2.6135,4.958,2.6985,0.085,29.08955,
FirstLandingStatePark,FLS,2,1,Inner,DeadRoots,"23,529.90","3,159.95",7.446288707,*10-20,B,6.52,130.26,18.47,11.95,4089.6485,
FirstLandingStatePark,FLS,2,1,Inner,Necromass,"23,529.90","3,159.95",7.446288707,*10-20,B,2.6161,3.0246,2.6433,0.0272,9.308656,RW
FirstLandingStatePark,FLS,2,1,Inner,AliveRoots,"23,529.90","3,159.95",7.446288707,*20-30,C,2.62,3.1187,2.6659,0.0459,15.708357,
FirstLandingStatePark,FLS,2,1,Inner,DeadRoots,"23,529.90","3,159.95",7.446288707,*20-30,C,6.45,66.1,13.55,7.1,2429.833,
FirstLandingStatePark,FLS,2,1,Inner,Necromass,"23,529.90","3,159.95",7.446288707,*20-30,C,2.66,11.3407,3.835,1.175,402.12025,
FirstLandingStatePark,FLS,2,2,Edge,AliveRoots,"23,529.90","3,159.95",7.446288707,*0-10,A,5.15,5.56,5.33,0.18,61.6014,LEE
FirstLandingStatePark,FLS,2,2,Edge,DeadRoots,"23,529.90","3,159.95",7.446288707,*0-10,A,21.32,97.69,31.72,10.4,3559.192,LEE
FirstLandingStatePark,FLS,2,2,Edge,Necromass,"23,529.90","3,159.95",7.446288707,*0-10,A,5.18,11.8,6.2,1.02,349.0746,LEE
FirstLandingStatePark,FLS,2,2,Edge,AliveRoots,"23,529.90","3,159.95",7.446288707,*10-20,B,2.57,2.75,2.67,0.1,34.223,LEE
FirstLandingStatePark,FLS,2,2,Edge,DeadRoots,"23,529.90","3,159.95",7.446288707,*10-20,B,27.35,91.46,38.93,11.58,3963.0234,LEE
FirstLandingStatePark,FLS,2,2,Edge,Necromass,"23,529.90","3,159.95",7.446288707,*10-20,B,5.15,11.7,6.12,0.97,331.9631,LEE
FirstLandingStatePark,FLS,2,2,Edge,AliveRoots,"23,529.90","3,159.95",7.446288707,*20-30,C,0,0,0,0,0,LEE
FirstLandingStatePark,FLS,2,2,Edge,DeadRoots,"23,529.90","3,159.95",7.446288707,*20-30,C,26.82,119.32,36.24,9.42,3223.8066,LEE
FirstLandingStatePark,FLS,2,2,Edge,Necromass,"23,529.90","3,159.95",7.446288707,*20-30,C,8.99,11.71,9.34,0.35,119.7805,LEE
FirstLandingStatePark,FLS,2,2,Inner,AliveRoots,"23,529.90","3,159.95",7.446288707,*0-10,A,10.25,12.9,11.07,0.82,280.6286,LEE
FirstLandingStatePark,FLS,2,2,Inner,DeadRoots,"23,529.90","3,159.95",7.446288707,*0-10,A,21.2,66.47,30.64,9.44,3230.6512,LEE
FirstLandingStatePark,FLS,2,2,Inner,Necromass,"23,529.90","3,159.95",7.446288707,*0-10,A,5.25,7.36,5.76,0.51,174.5373,LEE
FirstLandingStatePark,FLS,2,2,Inner,AliveRoots,"23,529.90","3,159.95",7.446288707,*10-20,B,10.26,12.92,10.83,0.57,195.0711,LEE
FirstLandingStatePark,FLS,2,2,Inner,DeadRoots,"23,529.90","3,159.95",7.446288707,*10-20,B,24.95,83.98,32.7,7.75,2652.2825,LEE
FirstLandingStatePark,FLS,2,2,Inner,Necromass,"23,529.90","3,159.95",7.446288707,*10-20,B,5.11,7.31,5.52,0.41,140.3143,LEE
FirstLandingStatePark,FLS,2,2,Inner,AliveRoots,"23,529.90","3,159.95",7.446288707,*20-30,C,2.61,2.75,2.67,0.06,20.5338,LEE
FirstLandingStatePark,FLS,2,2,Inner,DeadRoots,"23,529.90","3,159.95",7.446288707,*20-30,C,24.74,63.71,30.21,5.47,1871.9981,LEE
FirstLandingStatePark,FLS,2,2,Inner,Necromass,"23,529.90","3,159.95",7.446288707,*20-30,C,5.15,6.14,5.37,0.22,75.2906,LEE
FirstLandingStatePark,FLS,2,3,Edge,AliveRoots,"23,529.90","3,159.95",7.446288707,*0-10,A,2.5809,7.1069,2.9932,0.4123,141.101429,
FirstLandingStatePark,FLS,2,3,Edge,DeadRoots,"23,529.90","3,159.95",7.446288707,*0-10,A,6.53,45.06,10.84,4.31,1475.0113,
FirstLandingStatePark,FLS,2,3,Edge,Necromass,"23,529.90","3,159.95",7.446288707,*0-10,A,6.58,114.36,16.84,10.26,3511.2798,
FirstLandingStatePark,FLS,2,3,Edge,AliveRoots,"23,529.90","3,159.95",7.446288707,*10-20,B,2.6582,5.3995,2.7278,0.0696,23.819208,
FirstLandingStatePark,FLS,2,3,Edge,DeadRoots,"23,529.90","3,159.95",7.446288707,*10-20,B,6.53,133.98,13.43,6.9,2361.387,
FirstLandingStatePark,FLS,2,3,Edge,Necromass,"23,529.90","3,159.95",7.446288707,*10-20,B,0,0,0,0,0,
FirstLandingStatePark,FLS,2,3,Edge,AliveRoots,"23,529.90","3,159.95",7.446288707,*20-30,C,2.6442,3.53,2.7327,0.0885,30.287355,
FirstLandingStatePark,FLS,2,3,Edge,DeadRoots,"23,529.90","3,159.95",7.446288707,*20-30,C,6.48,52.02,10.57,4.09,1399.7207,
FirstLandingStatePark,FLS,2,3,Edge,Necromass,"23,529.90","3,159.95",7.446288707,*20-30,C,2.6527,3.08,2.7153,0.0626,21.423598,
FirstLandingStatePark,FLS,2,3,Inner,AliveRoots,"23,529.90","3,159.95",7.446288707,*0-10,A,2.6104,3.4,2.6924,0.082,28.06286,
FirstLandingStatePark,FLS,2,3,Inner,DeadRoots,"23,529.90","3,159.95",7.446288707,*0-10,A,6.5,47.98,8.84,2.34,800.8182,
FirstLandingStatePark,FLS,2,3,Inner,Necromass,"23,529.90","3,159.95",7.446288707,*0-10,A,2.6429,4.42,2.74,0.0971,33.230533,
FirstLandingStatePark,FLS,2,3,Inner,AliveRoots,"23,529.90","3,159.95",7.446288707,*10-20,B,2.6339,5.55,2.7152,0.0813,27.823299,
FirstLandingStatePark,FLS,2,3,Inner,DeadRoots,"23,529.90","3,159.95",7.446288707,*10-20,B,6.51,89.43,13.8,7.29,2494.8567,
FirstLandingStatePark,FLS,2,3,Inner,Necromass,"23,529.90","3,159.95",7.446288707,*10-20,B,2.6527,11.45,3.4975,0.8448,289.115904,
FirstLandingStatePark,FLS,2,3,Inner,AliveRoots,"23,529.90","3,159.95",7.446288707,*20-30,C,2.6135,4.73,2.6741,0.0606,20.739138,
FirstLandingStatePark,FLS,2,3,Inner,DeadRoots,"23,529.90","3,159.95",7.446288707,*20-30,C,6.56,112.98,11.21,4.65,1591.3695,
FirstLandingStatePark,FLS,2,3,Inner,Necromass,"23,529.90","3,159.95",7.446288707,*20-30,C,2.6192,7.23,2.9469,0.3277,112.148771,
FirstLandingStatePark,FLS,3,1,Edge,AliveRoots,"1,917.08",496.73,3.859400479,*0-10,A,2.6363,3.1081,2.6652,0.0289,9.890447,
FirstLandingStatePark,FLS,3,1,Edge,DeadRoots,"1,917.08",496.73,3.859400479,*0-10,A,6.48,101.7,13.55,7.07,2419.5661,
FirstLandingStatePark,FLS,3,1,Edge,Necromass,"1,917.08",496.73,3.859400479,*0-10,A,2.6185,5.9025,3.2877,0.6692,229.020316,
FirstLandingStatePark,FLS,3,1,Edge,AliveRoots,"1,917.08",496.73,3.859400479,*10-20,B,2.6605,4.2635,2.7515,0.091,31.14293,
FirstLandingStatePark,FLS,3,1,Edge,DeadRoots,"1,917.08",496.73,3.859400479,*10-20,B,6.43,117.47,17.27,10.84,3709.7732,
FirstLandingStatePark,FLS,3,1,Edge,Necromass,"1,917.08",496.73,3.859400479,*10-20,B,2.5917,3.3079,2.6898,0.0981,33.572763,
FirstLandingStatePark,FLS,3,1,Edge,AliveRoots,"1,917.08",496.73,3.859400479,*20-30,C,0,0,0,0,0,
FirstLandingStatePark,FLS,3,1,Edge,DeadRoots,"1,917.08",496.73,3.859400479,*20-30,C,6.31,,13.1,6.79,2323.7417,
FirstLandingStatePark,FLS,3,1,Edge,Necromass,"1,917.08",496.73,3.859400479,*20-30,C,2.5363,,2.9119,0.3756,128.541588,
FirstLandingStatePark,FLS,3,1,Inner,AliveRoots,"1,917.08",496.73,3.859400479,*0-10,A,2.6249,7.5552,3.5216,0.8967,306.877641,
FirstLandingStatePark,FLS,3,1,Inner,DeadRoots,"1,917.08",496.73,3.859400479,*0-10,A,6.49,41.08,9.47,2.98,1019.8454,
FirstLandingStatePark,FLS,3,1,Inner,Necromass,"1,917.08",496.73,3.859400479,*0-10,A,6.36,43.13,12.05,5.69,1947.2887,
FirstLandingStatePark,FLS,3,1,Inner,AliveRoots,"1,917.08",496.73,3.859400479,*10-20,B,2.6215,3.3792,2.6709,0.0494,16.906162,
FirstLandingStatePark,FLS,3,1,Inner,DeadRoots,"1,917.08",496.73,3.859400479,*10-20,B,6.43,115.98,14.19,7.76,2655.7048,
FirstLandingStatePark,FLS,3,1,Inner,Necromass,"1,917.08",496.73,3.859400479,*10-20,B,6.45,35.66,10.53,4.08,1396.2984,
FirstLandingStatePark,FLS,3,1,Inner,AliveRoots,"1,917.08",496.73,3.859400479,*20-30,C,2.5768,3.51,2.6059,0.0291,9.958893,
FirstLandingStatePark,FLS,3,1,Inner,DeadRoots,"1,917.08",496.73,3.859400479,*20-30,C,6.3,111.02,13.93,7.63,2611.2149,
FirstLandingStatePark,FLS,3,1,Inner,Necromass,"1,917.08",496.73,3.859400479,*20-30,C,2.5937,9.1792,4.1565,1.5628,534.837044,
FirstLandingStatePark,FLS,3,2,Edge,AliveRoots,"1,917.08",496.73,3.859400479,*0-10,A,2.6047,,2.6101,0.0054,1.848042,
FirstLandingStatePark,FLS,3,2,Edge,DeadRoots,"1,917.08",496.73,3.859400479,*0-10,A,6.29,,9.61,3.32,1136.2036,
FirstLandingStatePark,FLS,3,2,Edge,Necromass,"1,917.08",496.73,3.859400479,*0-10,A,2.5939,,4.429,1.8351,628.026273,
FirstLandingStatePark,FLS,3,2,Edge,AliveRoots,"1,917.08",496.73,3.859400479,*10-20,B,2.6125,,2.8844,0.2719,93.052337,
FirstLandingStatePark,FLS,3,2,Edge,DeadRoots,"1,917.08",496.73,3.859400479,*10-20,B,6.26,,11.89,5.63,1926.7549,
FirstLandingStatePark,FLS,3,2,Edge,Necromass,"1,917.08",496.73,3.859400479,*10-20,B,2.5652,,3.6013,1.0361,354.584503,
FirstLandingStatePark,FLS,3,2,Edge,AliveRoots,"1,917.08",496.73,3.859400479,*20-30,C,2.6043,,2.8516,0.2473,84.633479,
FirstLandingStatePark,FLS,3,2,Edge,DeadRoots,"1,917.08",496.73,3.859400479,*20-30,C,6.37,,14.99,8.62,2950.0226,
FirstLandingStatePark,FLS,3,2,Edge,Necromass,"1,917.08",496.73,3.859400479,*20-30,C,2.5815,,3.3652,0.7837,268.205651,
FirstLandingStatePark,FLS,3,2,Inner,AliveRoots,"1,917.08",496.73,3.859400479,*0-10,A,2.6334,9.174,4.0091,1.3757,470.805811,
FirstLandingStatePark,FLS,3,2,Inner,DeadRoots,"1,917.08",496.73,3.859400479,*0-10,A,6.42,16.35,7.08,0.66,225.8718,
FirstLandingStatePark,FLS,3,2,Inner,Necromass,"1,917.08",496.73,3.859400479,*0-10,A,6.48,68.33,14.09,7.61,2604.3703,
FirstLandingStatePark,FLS,3,2,Inner,AliveRoots,"1,917.08",496.73,3.859400479,*10-20,B,2.5981,3.1163,2.6096,0.0115,3.935645,
FirstLandingStatePark,FLS,3,2,Inner,DeadRoots,"1,917.08",496.73,3.859400479,*10-20,B,6.4,89.23,11.81,5.41,1851.4643,
FirstLandingStatePark,FLS,3,2,Inner,Necromass,"1,917.08",496.73,3.859400479,*10-20,B,6.41,29.48,10.04,3.63,1242.2949,
FirstLandingStatePark,FLS,3,2,Inner,AliveRoots,"1,917.08",496.73,3.859400479,*20-30,C,2.6086,3.0303,2.6696,0.061,20.87603,
FirstLandingStatePark,FLS,3,2,Inner,DeadRoots,"1,917.08",496.73,3.859400479,*20-30,C,6.43,83.89,13.0738,6.6438,2273.707674,
FirstLandingStatePark,FLS,3,2,Inner,Necromass,"1,917.08",496.73,3.859400479,*20-30,C,6.4,,6.66,0.26,88.9798,
FirstLandingStatePark,FLS,3,3,Edge,AliveRoots,"1,917.08",496.73,3.859400479,*0-10,A,2.6149,6.6995,3.1554,0.5405,184.975315,
FirstLandingStatePark,FLS,3,3,Edge,DeadRoots,"1,917.08",496.73,3.859400479,*0-10,A,6.42,95.37,14.8858,8.4658,2897.250734,
FirstLandingStatePark,FLS,3,3,Edge,Necromass,"1,917.08",496.73,3.859400479,*0-10,A,2.615,13.5135,4.3796,1.7646,603.899058,
FirstLandingStatePark,FLS,3,3,Edge,AliveRoots,"1,917.08",496.73,3.859400479,*10-20,B,2.6245,8.7921,3.1858,0.5613,192.093699,
FirstLandingStatePark,FLS,3,3,Edge,DeadRoots,"1,917.08",496.73,3.859400479,*10-20,B,6.4,96.36,16.3252,9.9252,3396.701196,
FirstLandingStatePark,FLS,3,3,Edge,Necromass,"1,917.08",496.73,3.859400479,*10-20,B,2.6267,2.8272,3.3035,0.6768,231.621264,dry > wet
FirstLandingStatePark,FLS,3,3,Edge,AliveRoots,"1,917.08",496.73,3.859400479,*20-30,C,2.6147,,2.6388,0.0241,8.247743,
FirstLandingStatePark,FLS,3,3,Edge,DeadRoots,"1,917.08",496.73,3.859400479,*20-30,C,6.3961,,14.78,8.3839,2869.222097,
FirstLandingStatePark,FLS,3,3,Edge,Necromass,"1,917.08",496.73,3.859400479,*20-30,C,2.5977,,3.0726,0.4749,162.525027,
FirstLandingStatePark,FLS,3,3,Inner,AliveRoots,"1,917.08",496.73,3.859400479,*0-10,A,2.6463,4.89,2.752,0.1057,36.173711,
FirstLandingStatePark,FLS,3,3,Inner,DeadRoots,"1,917.08",496.73,3.859400479,*0-10,A,6.42,25.39,8.1878,1.7678,604.994194,
FirstLandingStatePark,FLS,3,3,Inner,Necromass,"1,917.08",496.73,3.859400479,*0-10,A,2.5858,48.25,8.7816,6.1958,2120.388634,
FirstLandingStatePark,FLS,3,3,Inner,AliveRoots,"1,917.08",496.73,3.859400479,*10-20,B,2.6028,4.3242,2.6914,0.0886,30.321578,
FirstLandingStatePark,FLS,3,3,Inner,DeadRoots,"1,917.08",496.73,3.859400479,*10-20,B,6.41,89.73,18.6233,12.2133,4179.757659,
FirstLandingStatePark,FLS,3,3,Inner,Necromass,"1,917.08",496.73,3.859400479,*10-20,B,2.5808,27.5615,8.0076,5.4268,1857.213764,
FirstLandingStatePark,FLS,3,3,Inner,AliveRoots,"1,917.08",496.73,3.859400479,*20-30,C,2.6366,3.1439,2.6395,0.0029,0.992467,
FirstLandingStatePark,FLS,3,3,Inner,DeadRoots,"1,917.08",496.73,3.859400479,*20-30,C,6.43,72.17,16.2796,9.8496,3370.828608,
FirstLandingStatePark,FLS,3,3,Inner,Necromass,"1,917.08",496.73,3.859400479,*20-30,C,2.6525,28.0101,7.8205,5.168,1768.64464,
